[
null,
{"id":1,"battlerName":"Actor1_1","characterIndex":0,"characterName":"mercenary","classId":1,"equips":[44,0,0,1,0],"faceIndex":0,"faceName":"Actor1","traits":[{"code":13,"dataId":3,"value":1}],"initialLevel":2,"maxLevel":97,"name":"Наемник","nickname":"","note":"","profile":""},
{"id":2,"battlerName":"girl1_1_battle","characterIndex":0,"characterName":"$girl","classId":3,"equips":[0,0,0,15,0],"faceIndex":3,"faceName":"Actor1","traits":[{"code":62,"dataId":2,"value":1}],"initialLevel":2,"maxLevel":99,"name":"Девочка","nickname":"","note":"","profile":""},
{"id":3,"battlerName":"knight1_1","characterIndex":0,"characterName":"knight","classId":5,"equips":[7,18,0,14,0],"faceIndex":2,"faceName":"Actor1","traits":[{"code":13,"dataId":3,"value":1}],"initialLevel":2,"maxLevel":99,"name":"Рыцарь","nickname":"","note":"","profile":""},
{"id":4,"battlerName":"darkpriest1_1","characterIndex":0,"characterName":"dark_priest","classId":6,"equips":[1,0,0,13,0],"faceIndex":6,"faceName":"Actor1","traits":[{"code":13,"dataId":3,"value":1}],"initialLevel":2,"maxLevel":99,"name":"Темный жрец","nickname":"","note":"","profile":""},
{"id":5,"battlerName":"outlander1_1","characterIndex":0,"characterName":"outlander","classId":7,"equips":[11,0,0,12,0],"faceIndex":7,"faceName":"Actor1","traits":[{"code":13,"dataId":3,"value":1}],"initialLevel":2,"maxLevel":99,"name":"Чужеземец","nickname":"","note":"","profile":""},
{"id":6,"battlerName":"captain1_1","characterIndex":0,"characterName":"captain","classId":8,"equips":[0,0,0,14,0],"faceIndex":0,"faceName":"Actor2","traits":[{"code":13,"dataId":3,"value":1}],"initialLevel":2,"maxLevel":99,"name":"Ле'гард","nickname":"","note":"","profile":""},
{"id":7,"battlerName":"moonless1_1","characterIndex":0,"characterName":"moonless","classId":9,"equips":[0,0,0,0,0],"faceIndex":1,"faceName":"Actor2","traits":[],"initialLevel":2,"maxLevel":99,"name":"Безлунница","nickname":"","note":"Гуль","profile":""},
{"id":8,"battlerName":"demonchild1_1_battle","characterIndex":0,"characterName":"demon_child","classId":10,"equips":[0,0,0,0,0],"faceIndex":3,"faceName":"Actor2","traits":[],"initialLevel":2,"maxLevel":99,"name":"Демон-дитя","nickname":"","note":"","profile":""},
{"id":9,"battlerName":"marriage1_1","characterIndex":0,"characterName":"marriage_of_flesh1","classId":12,"equips":[0,0,0,0,0],"faceIndex":4,"faceName":"Actor2","traits":[],"initialLevel":2,"maxLevel":99,"name":"Брак плоти","nickname":"","note":"","profile":""},
{"id":10,"battlerName":"bloodghoul_climb1","characterIndex":0,"characterName":"$empty","classId":11,"equips":[0,0,0,0,0],"faceIndex":1,"faceName":"Actor1","traits":[],"initialLevel":2,"maxLevel":99,"name":"Кровавый голем","nickname":"","note":"","profile":""},
{"id":11,"battlerName":"fusion1_1","characterIndex":0,"characterName":"marriage_of_flesh2","classId":13,"equips":[0,0,0,0,0],"faceIndex":5,"faceName":"Actor2","traits":[],"initialLevel":2,"maxLevel":99,"name":"Брак плоти","nickname":"","note":"","profile":""},
{"id":12,"battlerName":"demonbaby","characterIndex":0,"characterName":"","classId":14,"equips":[0,0,0,0,0],"faceIndex":2,"faceName":"Actor2","traits":[{"code":62,"dataId":0,"value":1}],"initialLevel":2,"maxLevel":99,"name":"Демон-малыш","nickname":"","note":"","profile":""},
{"id":13,"battlerName":"Actor1_1","characterIndex":0,"characterName":"marriage_of_flesh1","classId":1,"equips":[1,0,0,1,0],"faceIndex":0,"faceName":"Actor1","traits":[{"code":62,"dataId":0,"value":1}],"initialLevel":2,"maxLevel":97,"name":"Бакман","nickname":"","note":"","profile":""},
{"id":14,"battlerName":"nashrah1_1","characterIndex":0,"characterName":"$beheadedwizard2","classId":17,"equips":[1,0,0,1,0],"faceIndex":0,"faceName":"Actor3","traits":[{"code":13,"dataId":3,"value":1},{"code":14,"dataId":19,"value":1},{"code":14,"dataId":55,"value":1},{"code":14,"dataId":105,"value":1},{"code":14,"dataId":56,"value":1}],"initialLevel":2,"maxLevel":97,"name":"Наз'ра","nickname":"","note":"","profile":""},
{"id":15,"battlerName":"","characterIndex":0,"characterName":"","classId":1,"equips":[0,0,0,0,0],"faceIndex":0,"faceName":"","traits":[],"initialLevel":1,"maxLevel":99,"name":"","nickname":"","note":"","profile":""},
{"id":16,"battlerName":"ghoulbattle1_1","characterIndex":0,"characterName":"ghoul","classId":2,"equips":[0,0,0,0,0],"faceIndex":1,"faceName":"Actor1","traits":[],"initialLevel":2,"maxLevel":99,"name":"Гуль","nickname":"","note":"Гуль","profile":""},
{"id":17,"battlerName":"ghoulbattle1_1","characterIndex":0,"characterName":"ghoul","classId":2,"equips":[0,0,0,0,0],"faceIndex":4,"faceName":"Actor1","traits":[],"initialLevel":2,"maxLevel":99,"name":"Гуль","nickname":"","note":"Гуль","profile":""},
{"id":18,"battlerName":"ghoulbattle1_1","characterIndex":0,"characterName":"ghoul","classId":2,"equips":[0,0,0,0,0],"faceIndex":5,"faceName":"Actor1","traits":[],"initialLevel":2,"maxLevel":99,"name":"Гуль","nickname":"","note":"Гуль","profile":""},
{"id":19,"battlerName":"Skeleton1_1","characterIndex":0,"characterName":"skeleton1","classId":15,"equips":[0,0,0,0,0],"faceIndex":7,"faceName":"Actor2","traits":[],"initialLevel":2,"maxLevel":99,"name":"Скелет","nickname":"","note":"Гуль","profile":""},
{"id":20,"battlerName":"Skeleton1_1","characterIndex":0,"characterName":"skeleton1","classId":15,"equips":[0,0,0,0,0],"faceIndex":7,"faceName":"Actor2","traits":[],"initialLevel":2,"maxLevel":99,"name":"Скелет","nickname":"","note":"Гуль","profile":""},
{"id":21,"battlerName":"Skeleton1_1","characterIndex":0,"characterName":"skeleton1","classId":15,"equips":[0,0,0,0,0],"faceIndex":7,"faceName":"Actor2","traits":[],"initialLevel":2,"maxLevel":99,"name":"Скелет","nickname":"","note":"Гуль","profile":""},
{"id":22,"battlerName":"","characterIndex":0,"characterName":"","classId":1,"equips":[0,0,0,0,0],"faceIndex":0,"faceName":"","traits":[],"initialLevel":1,"maxLevel":99,"name":"","nickname":"","note":"","profile":""},
{"id":23,"battlerName":"penance1_1","characterIndex":0,"characterName":"$embryo1","classId":1,"equips":[0,0,0,0,0],"faceIndex":0,"faceName":"","traits":[],"initialLevel":1,"maxLevel":99,"name":"Тест","nickname":"","note":"","profile":""},
{"id":24,"battlerName":"","characterIndex":0,"characterName":"","classId":1,"equips":[0,0,0,0,0],"faceIndex":0,"faceName":"","traits":[],"initialLevel":1,"maxLevel":99,"name":"","nickname":"","note":"","profile":""},
{"id":25,"battlerName":"","characterIndex":0,"characterName":"","classId":1,"equips":[0,0,0,0,0],"faceIndex":6,"faceName":"Actor2","traits":[],"initialLevel":1,"maxLevel":99,"name":"Первая строка","nickname":"","note":"","profile":""},
{"id":26,"battlerName":"","characterIndex":0,"characterName":"","classId":1,"equips":[0,0,0,0,0],"faceIndex":6,"faceName":"Actor2","traits":[],"initialLevel":1,"maxLevel":99,"name":"Вторая строка","nickname":"","note":"","profile":""},
{"id":27,"battlerName":"","characterIndex":0,"characterName":"","classId":1,"equips":[0,0,0,0,0],"faceIndex":6,"faceName":"Actor2","traits":[],"initialLevel":1,"maxLevel":99,"name":"Третья строка","nickname":"","note":"","profile":""},
{"id":28,"battlerName":"","characterIndex":0,"characterName":"","classId":1,"equips":[0,0,0,0,0],"faceIndex":6,"faceName":"Actor2","traits":[],"initialLevel":1,"maxLevel":99,"name":"","nickname":"","note":"","profile":""},
{"id":29,"battlerName":"","characterIndex":0,"characterName":"","classId":1,"equips":[0,0,0,0,0],"faceIndex":6,"faceName":"Actor2","traits":[],"initialLevel":1,"maxLevel":99,"name":"","nickname":"","note":"","profile":""},
{"id":30,"battlerName":"","characterIndex":0,"characterName":"","classId":1,"equips":[0,0,0,0,0],"faceIndex":0,"faceName":"","traits":[],"initialLevel":1,"maxLevel":99,"name":"","nickname":"","note":"","profile":""},
{"id":31,"battlerName":"","characterIndex":0,"characterName":"","classId":1,"equips":[0,0,0,0,0],"faceIndex":0,"faceName":"","traits":[],"initialLevel":1,"maxLevel":99,"name":"","nickname":"","note":"","profile":""},
{"id":32,"battlerName":"","characterIndex":0,"characterName":"","classId":1,"equips":[0,0,0,0,0],"faceIndex":0,"faceName":"","traits":[],"initialLevel":1,"maxLevel":99,"name":"","nickname":"","note":"","profile":""},
{"id":33,"battlerName":"","characterIndex":0,"characterName":"","classId":1,"equips":[0,0,0,0,0],"faceIndex":0,"faceName":"","traits":[],"initialLevel":1,"maxLevel":99,"name":"","nickname":"","note":"","profile":""},
{"id":34,"battlerName":"","characterIndex":0,"characterName":"","classId":1,"equips":[0,0,0,0,0],"faceIndex":0,"faceName":"","traits":[],"initialLevel":1,"maxLevel":99,"name":"","nickname":"","note":"","profile":""},
{"id":35,"battlerName":"","characterIndex":0,"characterName":"","classId":1,"equips":[0,0,0,0,0],"faceIndex":0,"faceName":"","traits":[],"initialLevel":1,"maxLevel":99,"name":"","nickname":"","note":"","profile":""},
{"id":36,"battlerName":"","characterIndex":0,"characterName":"","classId":1,"equips":[0,0,0,0,0],"faceIndex":0,"faceName":"","traits":[],"initialLevel":1,"maxLevel":99,"name":"","nickname":"","note":"","profile":""},
{"id":37,"battlerName":"","characterIndex":0,"characterName":"","classId":1,"equips":[0,0,0,0,0],"faceIndex":0,"faceName":"","traits":[],"initialLevel":1,"maxLevel":99,"name":"","nickname":"","note":"","profile":""},
{"id":38,"battlerName":"","characterIndex":0,"characterName":"","classId":1,"equips":[0,0,0,0,0],"faceIndex":0,"faceName":"","traits":[],"initialLevel":1,"maxLevel":99,"name":"","nickname":"","note":"","profile":""},
{"id":39,"battlerName":"","characterIndex":0,"characterName":"","classId":1,"equips":[0,0,0,0,0],"faceIndex":0,"faceName":"","traits":[],"initialLevel":1,"maxLevel":99,"name":"","nickname":"","note":"","profile":""},
{"id":40,"battlerName":"","characterIndex":0,"characterName":"","classId":1,"equips":[0,0,0,0,0],"faceIndex":0,"faceName":"","traits":[],"initialLevel":1,"maxLevel":99,"name":"","nickname":"","note":"","profile":""}
]