[
null,
{"id":1,"atypeId":3,"description":"Простой жилет из дубленой кожи. Неплохо защищает от \nогня.","etypeId":4,"traits":[{"code":11,"dataId":4,"value":0.6},{"code":11,"dataId":2,"value":0.92},{"code":11,"dataId":3,"value":0.92},{"code":11,"dataId":1,"value":0.92}],"iconIndex":207,"name":"Кожаный жилет","note":"","params":[0,0,0,20,0,0,0,0],"price":0},
{"id":2,"atypeId":3,"description":"Набедренная повязка с ремешками. Раньше принадлежала \nИстязателю. Обнажает кожу и мускулы.","etypeId":4,"traits":[{"code":22,"dataId":1,"value":0},{"code":11,"dataId":3,"value":0.97},{"code":11,"dataId":1,"value":0.97}],"iconIndex":205,"name":"Набедренная повязка","note":"","params":[0,0,0,5,0,0,0,0],"price":0},
{"id":3,"atypeId":3,"description":"Такие черные одеяния носят темные жрецы. Весьма \nминималистичный дизайн. Обеспечивает некоторое тепло.","etypeId":4,"traits":[{"code":22,"dataId":1,"value":0},{"code":11,"dataId":6,"value":0.95}],"iconIndex":204,"name":"Мантия жреца","note":"","params":[0,0,0,0,0,5,0,0],"price":0},
{"id":4,"atypeId":3,"description":"Верхняя часть доспеха из дубленой кожи. Отлично \nзащищает от огня.","etypeId":4,"traits":[{"code":11,"dataId":4,"value":0.25},{"code":11,"dataId":2,"value":0.92},{"code":11,"dataId":3,"value":0.92},{"code":11,"dataId":1,"value":0.92}],"iconIndex":206,"name":"Прочная кожаная броня","note":"","params":[0,0,0,20,0,0,0,0],"price":0},
{"id":5,"atypeId":3,"description":"Сшитые бледные шкуры. Поможет скрыть запах от гулей и \nпрочих жутких монстров.","etypeId":4,"traits":[{"code":22,"dataId":1,"value":0},{"code":11,"dataId":3,"value":0.97},{"code":11,"dataId":1,"value":0.97},{"code":11,"dataId":2,"value":0.97}],"iconIndex":193,"name":"Костюм гуля","note":"<Synthesis Ingredients>\nitem 46: 2\n</Synthesis Ingredients>","params":[0,0,0,5,0,0,0,0],"price":0},
{"id":6,"atypeId":3,"description":"Сшитые шкуры тюремных стражей. Поможет скрыть запах от \nдругих стражников.","etypeId":4,"traits":[{"code":22,"dataId":1,"value":0},{"code":11,"dataId":3,"value":0.97},{"code":11,"dataId":1,"value":0.97},{"code":11,"dataId":2,"value":0.97}],"iconIndex":192,"name":"Костюм стража","note":"<Synthesis Ingredients>\nitem 45: 2\n</Synthesis Ingredients>","params":[0,0,0,5,0,0,0,0],"price":0},
{"id":7,"atypeId":3,"description":"Капюшон, сшитый из лоскутов ткани.","etypeId":3,"traits":[{"code":11,"dataId":1,"value":0.98},{"code":11,"dataId":2,"value":0.98},{"code":11,"dataId":3,"value":0.98}],"iconIndex":214,"name":"Лоскутный капюшон","note":"","params":[0,0,0,5,0,0,0,0],"price":0},
{"id":8,"atypeId":3,"description":"Шлем из кожи. Сидит плоховато - великоват.","etypeId":3,"traits":[{"code":11,"dataId":2,"value":0.95},{"code":11,"dataId":3,"value":0.95},{"code":11,"dataId":1,"value":0.95}],"iconIndex":215,"name":"Кожаный шлем","note":"","params":[0,0,0,10,0,0,0,0],"price":0},
{"id":9,"atypeId":0,"description":"Простая накидка, сохраняет тепло.","etypeId":5,"traits":[],"iconIndex":0,"name":"Суконный плащ","note":"","params":[0,0,0,0,0,0,0,0],"price":0},
{"id":10,"atypeId":3,"description":"Восточный талисман, украшенный изображением солнечного \nзатмения.","etypeId":5,"traits":[{"code":22,"dataId":1,"value":0},{"code":11,"dataId":6,"value":0.9}],"iconIndex":254,"name":"Талисман затмения","note":"","params":[0,0,0,0,0,12,0,0],"price":0},
{"id":11,"atypeId":3,"description":"Грубо изваянная из камня корона. Судя по стилю, ее \nсоздали представители примитивной культуры.","etypeId":3,"traits":[{"code":11,"dataId":2,"value":0.9},{"code":11,"dataId":3,"value":0.9},{"code":11,"dataId":1,"value":0.9}],"iconIndex":252,"name":"Каменная корона","note":"","params":[0,0,0,15,0,0,0,0],"price":0},
{"id":12,"atypeId":3,"description":"Броня из кожи и волчьих шкур. Отлично согревает,\nоднако от огня не защитит.","etypeId":4,"traits":[{"code":11,"dataId":4,"value":1.6},{"code":11,"dataId":2,"value":0.92},{"code":11,"dataId":3,"value":0.92},{"code":11,"dataId":1,"value":0.92}],"iconIndex":235,"name":"Меховая броня","note":"","params":[0,0,0,20,0,0,0,0],"price":0},
{"id":13,"atypeId":3,"description":"Такие черные одеяния носят высшие жрецы тьмы. Весьма \nминималистичный дизайн.","etypeId":4,"traits":[{"code":22,"dataId":1,"value":0},{"code":11,"dataId":2,"value":0.95},{"code":11,"dataId":3,"value":0.95},{"code":11,"dataId":1,"value":0.95},{"code":11,"dataId":6,"value":0.9}],"iconIndex":234,"name":"Мантия высшего жреца","note":"","params":[0,0,0,5,0,12,0,0],"price":0},
{"id":14,"atypeId":4,"description":"Такая броня обеспечивает отличную защиту, но двигаться \nв ней неудобно.","etypeId":4,"traits":[{"code":11,"dataId":2,"value":0.65},{"code":11,"dataId":3,"value":0.7},{"code":11,"dataId":1,"value":0.8}],"iconIndex":236,"name":"Пластинчатый доспех","note":"","params":[0,0,0,40,0,0,0,0],"price":0},
{"id":15,"atypeId":3,"description":"Очень простое черное платьице.","etypeId":4,"traits":[{"code":22,"dataId":1,"value":0},{"code":11,"dataId":2,"value":0.99},{"code":11,"dataId":3,"value":0.99}],"iconIndex":255,"name":"Черное платье","note":"","params":[0,0,0,1,0,0,0,0],"price":0},
{"id":16,"atypeId":5,"description":"Простой самодельный щит. Лучше, чем ничего.","etypeId":2,"traits":[{"code":22,"dataId":1,"value":0},{"code":11,"dataId":2,"value":0.94},{"code":11,"dataId":3,"value":0.94},{"code":11,"dataId":1,"value":0.94}],"iconIndex":200,"name":"Деревянный баклер","note":"","params":[0,0,0,5,0,0,0,0],"price":0},
{"id":17,"atypeId":5,"description":"Железный щит с эмблемой черного паука. Легок и \nобеспечивает хорошую защиту.","etypeId":2,"traits":[{"code":22,"dataId":1,"value":0},{"code":11,"dataId":2,"value":0.87},{"code":11,"dataId":3,"value":0.87},{"code":11,"dataId":1,"value":0.87}],"iconIndex":199,"name":"Щит с пауком","note":"","params":[0,0,0,15,0,0,0,0],"price":0},
{"id":18,"atypeId":5,"description":"Такие щиты обычно используют Рыцари Полуночного\nСолнца. На нем изображен герб с орлом и мечом.","etypeId":2,"traits":[{"code":22,"dataId":1,"value":0},{"code":11,"dataId":2,"value":0.8},{"code":11,"dataId":3,"value":0.8},{"code":11,"dataId":1,"value":0.8}],"iconIndex":256,"name":"Щит с орлом","note":"","params":[0,0,0,20,0,0,0,0],"price":0},
{"id":19,"atypeId":3,"description":"Кукла из тюремной камеры. У нее длинные русые волосы. \nОт одного взгляда на куклу по спине у тебя бегут мурашки.","etypeId":5,"traits":[{"code":22,"dataId":1,"value":0}],"iconIndex":258,"name":"Странная кукла","note":"","params":[0,0,0,0,0,0,0,0],"price":0},
{"id":20,"atypeId":3,"description":"Всевидящее око приглядывает за тобой. Кажется, под его \nнадзором страх немного отступает...","etypeId":5,"traits":[{"code":22,"dataId":1,"value":0},{"code":14,"dataId":63,"value":1}],"iconIndex":272,"name":"Бдительное око","note":"","params":[0,0,0,0,0,0,0,0],"price":0},
{"id":21,"atypeId":4,"description":"Пара защитных наручей, предотвращающих серьезные увечья.","etypeId":5,"traits":[{"code":22,"dataId":1,"value":0},{"code":14,"dataId":3,"value":1},{"code":11,"dataId":2,"value":0.9},{"code":11,"dataId":3,"value":0.9},{"code":11,"dataId":1,"value":0.9}],"iconIndex":270,"name":"Наручи","note":"","params":[0,0,0,10,0,0,0,0],"price":0},
{"id":22,"atypeId":4,"description":"Пара защитных поножей, предотвращающих серьезные увечья.","etypeId":5,"traits":[{"code":22,"dataId":1,"value":0},{"code":14,"dataId":14,"value":1},{"code":11,"dataId":2,"value":0.9},{"code":11,"dataId":3,"value":0.9},{"code":11,"dataId":1,"value":0.9}],"iconIndex":271,"name":"Поножи","note":"","params":[0,0,0,10,0,0,0,0],"price":0},
{"id":23,"atypeId":3,"description":"Отлично защищает голову, впрочем, слегка неудобен.","etypeId":3,"traits":[{"code":11,"dataId":2,"value":0.9},{"code":11,"dataId":3,"value":0.8},{"code":11,"dataId":1,"value":0.98}],"iconIndex":262,"name":"Кольчужный капюшон","note":"","params":[0,0,0,17,0,0,0,0],"price":0},
{"id":24,"atypeId":4,"description":"Этот тяжелый шлем не только обеспечивает отличную \nзащиту, но и оберегает от замешательства и оглушения.","etypeId":3,"traits":[{"code":14,"dataId":16,"value":1},{"code":11,"dataId":2,"value":0.9},{"code":11,"dataId":3,"value":0.9},{"code":11,"dataId":1,"value":0.9}],"iconIndex":263,"name":"Пластинчатый шлем","note":"","params":[0,0,0,20,0,0,0,0],"price":0},
{"id":25,"atypeId":4,"description":"Пластинчатая кираса, обеспечивающая некоторую защиту.\nЛишена наплечников, а потому в ней куда легче двигаться.","etypeId":4,"traits":[{"code":11,"dataId":2,"value":0.68},{"code":11,"dataId":3,"value":0.8},{"code":11,"dataId":1,"value":0.88}],"iconIndex":236,"name":"Железная кираса","note":"","params":[0,0,0,30,0,0,0,0],"price":0},
{"id":26,"atypeId":3,"description":"Она еще свежая. Говорят, лапа приносит удачу, но, \nразумеется, это лишь вздорные суеверия, не так ли?","etypeId":5,"traits":[{"code":22,"dataId":1,"value":0}],"iconIndex":286,"name":"Лапа пещерного волка","note":"","params":[0,0,0,0,0,0,0,20],"price":0},
{"id":27,"atypeId":3,"description":"Магическое кольцо, которое носил когда-то великий Бетель.\nВосстанавливает рассудок в ходе сражения.","etypeId":5,"traits":[{"code":22,"dataId":8,"value":0.1}],"iconIndex":298,"name":"Камень чародея","note":"","params":[0,0,0,0,0,0,0,0],"price":0},
{"id":28,"atypeId":3,"description":"Проклятое кольцо заставляет кровь стынуть в жилах, \nзащищая от кровотечения. Без магии тут не обошлось.","etypeId":5,"traits":[{"code":14,"dataId":5,"value":1},{"code":14,"dataId":55,"value":1},{"code":14,"dataId":56,"value":1},{"code":53,"dataId":5,"value":1}],"iconIndex":297,"name":"Кольцо стылой крови","note":"","params":[0,0,0,0,0,0,0,0],"price":0},
{"id":29,"atypeId":3,"description":"Кольцо с кровавым бриллиантом. Камень видел так много \nсмертей, что прямо-таки истекает жизненной силой.","etypeId":5,"traits":[{"code":22,"dataId":7,"value":0.08}],"iconIndex":313,"name":"Кольцо духов","note":"","params":[0,0,0,0,0,0,0,0],"price":0},
{"id":30,"atypeId":3,"description":"Проклятое кольцо с шипами, непрерывно испускающими яд.\nНаделяет устойчивостью к большим дозам яда.","etypeId":5,"traits":[{"code":14,"dataId":17,"value":1},{"code":53,"dataId":5,"value":1}],"iconIndex":300,"name":"Шипастое кольцо","note":"","params":[0,0,0,0,0,0,0,0],"price":0},
{"id":31,"atypeId":3,"description":"Железная пластина, полностью защищающая лицо, включая \nглаза.","etypeId":3,"traits":[{"code":14,"dataId":87,"value":1},{"code":14,"dataId":49,"value":1},{"code":11,"dataId":2,"value":0.9},{"code":11,"dataId":3,"value":0.9},{"code":11,"dataId":1,"value":0.9}],"iconIndex":299,"name":"Железная маска","note":"","params":[0,0,0,25,0,0,0,0],"price":0},
{"id":32,"atypeId":3,"description":"Символ удачи. Ты можешь сваять подобный амулет своими  \nруками, что кажется тебе по-своему символичным.","etypeId":5,"traits":[],"iconIndex":314,"name":"Шишкосвин","note":"<Synthesis Ingredients>\nitem 26\nitem 27\n</Synthesis Ingredients>","params":[0,0,0,0,0,0,0,0],"price":12},
{"id":33,"atypeId":4,"description":"Пластинчатая броня, обеспечивающая высокую защиту. На \nдоспехе изображен фамильный герб с птицей.","etypeId":4,"traits":[{"code":11,"dataId":2,"value":0.5},{"code":11,"dataId":3,"value":0.65},{"code":11,"dataId":1,"value":0.7}],"iconIndex":302,"name":"Мрачный доспех","note":"","params":[0,0,0,60,0,0,0,0],"price":0},
{"id":34,"atypeId":4,"description":"Стальной военный шлем с щитком. Надежно защищает шею\nи всю голову.","etypeId":3,"traits":[{"code":14,"dataId":16,"value":1},{"code":11,"dataId":2,"value":0.85},{"code":11,"dataId":3,"value":0.85},{"code":11,"dataId":1,"value":0.85}],"iconIndex":316,"name":"Мрачный бацинет","note":"","params":[0,0,0,30,0,0,0,0],"price":0},
{"id":35,"atypeId":0,"description":"","etypeId":2,"traits":[{"code":22,"dataId":1,"value":0}],"iconIndex":0,"name":"","note":"","params":[0,0,0,0,0,0,0,0],"price":0},
{"id":36,"atypeId":3,"description":"Концентрированная ярость Ворона-Истязателя. Преумножает \nсилу своего обладателя.","etypeId":5,"traits":[{"code":22,"dataId":1,"value":0},{"code":21,"dataId":2,"value":1.3}],"iconIndex":274,"name":"Душа Ворона-Истязателя","note":"","params":[0,0,0,0,0,0,0,0],"price":0},
{"id":37,"atypeId":3,"description":"Повышает защиту своего обладателя.","etypeId":5,"traits":[{"code":22,"dataId":1,"value":0},{"code":21,"dataId":3,"value":1.3},{"code":11,"dataId":2,"value":0.7},{"code":11,"dataId":3,"value":0.7},{"code":11,"dataId":1,"value":0.7}],"iconIndex":274,"name":"Душа Железного Шекспира","note":"","params":[0,0,0,0,0,0,0,0],"price":0},
{"id":38,"atypeId":3,"description":"Преумножает прочность кожи своего обладателя, чем \nпредотвращает потерю конечностей и кровотечение.","etypeId":5,"traits":[{"code":22,"dataId":1,"value":0},{"code":14,"dataId":5,"value":1},{"code":14,"dataId":22,"value":1},{"code":14,"dataId":88,"value":1},{"code":14,"dataId":55,"value":1},{"code":14,"dataId":56,"value":1},{"code":14,"dataId":14,"value":1},{"code":14,"dataId":3,"value":1}],"iconIndex":274,"name":"Душа Дракона","note":"","params":[0,0,0,0,0,0,0,0],"price":0},
{"id":39,"atypeId":3,"description":"Дарует своему обладателю быстроту движений и \nдополнительное действие в бою.","etypeId":5,"traits":[{"code":22,"dataId":1,"value":0},{"code":21,"dataId":6,"value":2}],"iconIndex":274,"name":"Душа Белого ангела","note":"","params":[0,0,0,0,0,0,0,0],"price":0},
{"id":40,"atypeId":3,"description":"Наделяет своего обладателя оккультной мощью, которая \nотравляет его противников.","etypeId":5,"traits":[{"code":22,"dataId":1,"value":0},{"code":32,"dataId":17,"value":1}],"iconIndex":274,"name":"Душа Черной ведьмы","note":"","params":[0,0,0,0,0,0,0,0],"price":0},
{"id":41,"atypeId":3,"description":"Повышает агрессивность своего обладателя.","etypeId":5,"traits":[{"code":22,"dataId":1,"value":0},{"code":21,"dataId":2,"value":1.1}],"iconIndex":274,"name":"Душа Пещерной матери","note":"","params":[0,0,0,0,0,0,0,0],"price":0},
{"id":42,"atypeId":3,"description":"Помогает уворачиваться от атак: делает поступь легкой, \nподобно перышку.","etypeId":5,"traits":[{"code":22,"dataId":1,"value":0},{"code":22,"dataId":1,"value":0.5}],"iconIndex":274,"name":"Душа Бабочки","note":"","params":[0,0,0,0,0,0,0,0],"price":0},
{"id":43,"atypeId":3,"description":"Лишь крупица решимости, которой обладал Старый страж. \nНе позволит тебе умереть. ","etypeId":5,"traits":[{"code":22,"dataId":1,"value":0},{"code":14,"dataId":1,"value":1}],"iconIndex":274,"name":"Душа Старого стража","note":"","params":[0,0,0,0,0,0,0,0],"price":0},
{"id":44,"atypeId":3,"description":"Клочок алой накидки, принадлежавшей Старому стражу. \nДоказательство твоей победы.","etypeId":3,"traits":[],"iconIndex":310,"name":"Красный шарф","note":"","params":[0,0,0,5,0,0,0,0],"price":0},
{"id":45,"atypeId":0,"description":"","etypeId":2,"traits":[{"code":22,"dataId":1,"value":0}],"iconIndex":0,"name":"","note":"","params":[0,0,0,0,0,0,0,0],"price":0},
{"id":46,"atypeId":3,"description":"Плотный плащ из дубленой кожи. Отлично защищает от огня.","etypeId":4,"traits":[{"code":11,"dataId":4,"value":0.4},{"code":11,"dataId":2,"value":0.92},{"code":11,"dataId":3,"value":0.92},{"code":11,"dataId":1,"value":0.92}],"iconIndex":301,"name":"Шинель","note":"","params":[0,0,0,30,0,0,0,0],"price":0},
{"id":47,"atypeId":3,"description":"Серебряное ожерелье с камнем душ, уберегающим от \nнападок потусторонних сил.","etypeId":5,"traits":[{"code":11,"dataId":6,"value":0.7}],"iconIndex":308,"name":"Ожерелье пожирателя душ","note":"","params":[0,0,0,0,0,20,0,0],"price":0},
{"id":48,"atypeId":3,"description":"Накидка из выделанного меха. Поможет скрыть запах от\nживотных и звероподобных существ.","etypeId":4,"traits":[{"code":22,"dataId":1,"value":0},{"code":11,"dataId":3,"value":0.97},{"code":11,"dataId":1,"value":0.97},{"code":11,"dataId":2,"value":0.97}],"iconIndex":288,"name":"Костюм из меха","note":"<Synthesis Ingredients>\nitem 151: 1\n</Synthesis Ingredients>","params":[0,0,0,5,0,0,0,0],"price":0},
{"id":49,"atypeId":0,"description":"","etypeId":2,"traits":[{"code":22,"dataId":1,"value":0}],"iconIndex":0,"name":"","note":"","params":[0,0,0,0,0,0,0,0],"price":0},
{"id":50,"atypeId":3,"description":"Простая линза на один глаз. Немного повышает меткость.","etypeId":5,"traits":[{"code":22,"dataId":1,"value":0},{"code":22,"dataId":0,"value":0.2}],"iconIndex":88,"name":"Монокль","note":"","params":[0,0,0,0,0,0,0,0],"price":0},
{"id":51,"atypeId":3,"description":"В них мир кажется куда четче. Сильно повышает меткость.","etypeId":5,"traits":[{"code":22,"dataId":1,"value":0},{"code":22,"dataId":0,"value":0.8}],"iconIndex":87,"name":"Очки","note":"","params":[0,0,0,0,0,0,0,0],"price":0},
{"id":52,"atypeId":3,"description":"Флакон с восточными духами. Аромат привлекает монстров и \nчудовищ всех мастей.","etypeId":5,"traits":[{"code":22,"dataId":1,"value":0},{"code":13,"dataId":100,"value":1}],"iconIndex":86,"name":"Восточный парфюм","note":"","params":[0,0,0,0,0,0,0,0],"price":0},
{"id":53,"atypeId":3,"description":"Древняя реликвия, которая, как гласят легенды, намертво \nприковывает душу к телу.","etypeId":5,"traits":[{"code":14,"dataId":30,"value":1}],"iconIndex":94,"name":"Якорь души","note":"","params":[0,0,0,0,0,0,0,0],"price":0},
{"id":54,"atypeId":3,"description":"Особая броня, созданная специально для ватиканских \nРыцарей Покаяния. Надев такие доспехи, их нельзя снять.","etypeId":4,"traits":[{"code":22,"dataId":1,"value":0},{"code":53,"dataId":4,"value":1},{"code":11,"dataId":2,"value":0.5},{"code":11,"dataId":3,"value":0.65},{"code":11,"dataId":1,"value":0.7},{"code":14,"dataId":3,"value":1},{"code":14,"dataId":14,"value":1}],"iconIndex":69,"name":"Доспех покаяния","note":"","params":[0,0,0,0,0,0,0,0],"price":0},
{"id":55,"atypeId":3,"description":"Особая броня, созданная специально для ватиканских \nРыцарей Покаяния. Надев такие доспехи, их нельзя снять.","etypeId":3,"traits":[{"code":22,"dataId":1,"value":0},{"code":53,"dataId":3,"value":1},{"code":14,"dataId":16,"value":1},{"code":11,"dataId":2,"value":0.85},{"code":11,"dataId":3,"value":0.85},{"code":11,"dataId":1,"value":0.85},{"code":14,"dataId":87,"value":1},{"code":14,"dataId":31,"value":1}],"iconIndex":68,"name":"Доспех покаяния","note":"","params":[0,0,0,0,0,0,0,0],"price":0},
{"id":56,"atypeId":3,"description":"Кажется весьма хлипкой, однако обеспечивает достойную \nзащиту от потусторонних сил.","etypeId":4,"traits":[{"code":22,"dataId":1,"value":0},{"code":11,"dataId":2,"value":0.95},{"code":11,"dataId":3,"value":0.95},{"code":11,"dataId":1,"value":0.95},{"code":11,"dataId":6,"value":0.7},{"code":11,"dataId":4,"value":1.15}],"iconIndex":125,"name":"Шелковая мантия","note":"","params":[0,0,0,5,0,17,0,0],"price":0},
{"id":57,"atypeId":3,"description":"Стилизованная и специально укрепленная для боя фермерская \nшляпа. Такие распространены на Дальнем Востоке. ","etypeId":3,"traits":[{"code":11,"dataId":2,"value":0.93},{"code":11,"dataId":3,"value":0.93},{"code":11,"dataId":1,"value":0.93},{"code":11,"dataId":6,"value":0.93}],"iconIndex":124,"name":"Дзингаса кабуто","note":"","params":[0,0,0,13,0,6,0,0],"price":0},
{"id":58,"atypeId":3,"description":"Говорят, этот амулет обронил странствующий воин \nИггаэгецу. Повышает шанс критического удара.","etypeId":5,"traits":[{"code":22,"dataId":2,"value":0.2}],"iconIndex":126,"name":"Амулет Иггаэгецу","note":"","params":[0,0,0,0,0,0,0,0],"price":0},
{"id":59,"atypeId":0,"description":"","etypeId":2,"traits":[{"code":22,"dataId":1,"value":0}],"iconIndex":0,"name":"","note":"","params":[0,0,0,0,0,0,0,0],"price":0},
{"id":60,"atypeId":0,"description":"","etypeId":2,"traits":[{"code":22,"dataId":1,"value":0}],"iconIndex":0,"name":"","note":"","params":[0,0,0,0,0,0,0,0],"price":0}
]