{
"autoplayBgm":false,"autoplayBgs":false,"battleback1Name":"","battleback2Name":"","bgm":{"name":"","pan":0,"pitch":100,"volume":90},"bgs":{"name":"","pan":0,"pitch":100,"volume":90},"disableDashing":false,"displayName":"","encounterList":[],"encounterStep":30,"height":13,"note":"","parallaxLoopX":false,"parallaxLoopY":false,"parallaxName":"","parallaxShow":true,"parallaxSx":0,"parallaxSy":0,"scrollType":0,"specifyBattleback":false,"tilesetId":3,"width":17,
"data":[0,0,0,0,0,0,0,0,0,0,0,0,0,0,0,0,0,0,0,0,0,0,0,0,0,0,0,0,0,0,0,0,0,0,0,0,0,0,0,0,0,0,0,0,0,0,0,0,0,0,0,0,0,0,0,0,0,0,0,0,0,0,0,0,0,0,0,0,0,0,0,0,0,0,0,0,0,0,0,0,0,0,0,0,0,0,0,0,0,0,0,0,0,0,0,0,0,0,0,0,0,0,0,0,0,0,0,0,0,0,0,0,0,0,0,0,0,0,0,0,0,0,0,0,0,0,0,0,0,0,0,0,0,0,0,0,0,0,0,0,0,0,0,0,0,0,0,0,0,0,0,0,0,0,0,0,0,0,0,0,0,0,0,0,0,0,0,0,0,0,0,0,0,0,0,0,0,0,0,0,0,0,0,0,0,0,0,0,0,0,0,0,0,0,0,0,0,0,0,0,0,0,0,0,0,0,0,0,0,0,0,0,0,0,0,0,0,0,0,0,0,0,0,0,0,0,0,0,0,0,0,0,0,0,0,0,0,0,0,0,0,0,0,0,0,0,0,0,0,0,0,0,0,0,0,0,0,0,0,0,0,0,0,0,0,0,0,0,0,0,0,0,0,0,0,0,0,0,0,0,0,0,0,0,0,0,0,0,0,0,0,0,0,0,0,0,0,0,0,0,0,0,0,0,0,0,0,0,0,0,0,0,0,0,0,0,0,0,0,0,0,0,0,0,0,0,0,0,0,0,0,0,0,0,0,0,0,0,0,0,0,0,0,0,0,0,0,0,0,0,0,0,0,0,0,0,0,0,0,0,0,0,0,0,0,0,0,0,0,0,0,0,0,0,0,0,0,0,0,0,0,0,0,0,0,0,0,0,0,0,0,0,0,0,0,0,0,0,0,0,0,0,0,0,0,0,0,0,0,0,0,0,0,0,0,0,0,0,0,0,0,0,0,0,0,0,0,0,0,0,0,0,0,0,0,0,0,0,0,0,0,0,0,0,0,0,0,0,0,0,0,0,0,0,0,0,0,0,0,0,0,0,0,0,0,0,0,0,0,0,0,0,0,0,0,0,0,0,0,0,0,0,0,0,0,0,0,0,0,0,0,0,0,0,0,0,0,0,0,0,0,0,0,0,0,0,0,0,0,0,0,0,0,0,0,0,0,0,0,0,0,0,0,0,0,0,0,0,0,0,0,0,0,0,0,0,0,0,0,0,0,0,0,0,0,0,0,0,0,0,0,0,0,0,0,0,0,0,0,0,0,0,0,0,0,0,0,0,0,0,0,0,0,0,0,0,0,0,0,0,0,0,0,0,0,0,0,0,0,0,0,0,0,0,0,0,0,0,0,0,0,0,0,0,0,0,0,0,0,0,0,0,0,0,0,0,0,0,0,0,0,0,0,0,0,0,0,0,0,0,0,0,0,0,0,0,0,0,0,0,0,0,0,0,0,0,0,0,0,0,0,0,0,0,0,0,0,0,0,0,0,0,0,0,0,0,0,0,0,0,0,0,0,0,0,0,0,0,0,0,0,0,0,0,0,0,0,0,0,0,0,0,0,0,0,0,0,0,0,0,0,0,0,0,0,0,0,0,0,0,0,0,0,0,0,0,0,0,0,0,0,0,0,0,0,0,0,0,0,0,0,0,0,0,0,0,0,0,0,0,0,0,0,0,0,0,0,0,0,0,0,0,0,0,0,0,0,0,0,0,0,0,0,0,0,0,0,0,0,0,0,0,0,0,0,0,0,0,0,0,0,0,0,0,0,0,0,0,0,0,0,0,0,0,0,0,0,0,0,0,0,0,0,0,0,0,0,0,0,0,0,0,0,0,0,0,0,0,0,0,0,0,0,0,0,0,0,0,0,0,0,0,0,0,0,0,0,0,0,0,0,0,0,0,0,0,0,0,0,0,0,0,0,0,0,0,0,0,0,0,0,0,0,0,0,0,0,0,0,0,0,0,0,0,0,0,0,0,0,0,0,0,0,0,0,0,0,0,0,0,0,0,0,0,0,0,0,0,0,0,0,0,0,0,0,0,0,0,0,0,0,0,0,0,0,0,0,0,0,0,0,0,0,0,0,0,0,0,0,0,0,0,0,0,0,0,0,0,0,0,0,0,0,0,0,0,0,0,0,0,0,0,0,0,0,0,0,0,0,0,0,0,0,0,0,0,0,0,0,0,0,0,0,0,0,0,0,0,0,0,0,0,0,0,0,0,0,0,0,0,0,0,0,0,0,0,0,0,0,0,0,0,0,0,0,0,0,0,0,0,0,0,0,0,0,0,0,0,0,0,0,0,0,0,0,0,0,0,0,0,0,0,0,0,0,0,0,0,0,0,0,0,0,0,0,0,0,0,0,0,0,0,0,0,0,0,0,0,0,0,0,0,0,0,0,0,0,0,0,0,0,0,0,0,0,0,0,0,0,0,0,0,0,0,0,0,0,0,0,0,0,0,0,0,0,0,0,0,0,0,0,0,0,0,0,0,0,0,0,0,0,0,0,0,0,0,0,0,0,0,0,0,0,0,0,0,0,0,0,0,0,0,0,0,0,0,0,0,0,0,0,0,0,0,0,0,0,0,0,0,0,0,0,0,0,0,0,0,0,0,0,0,0,0,0,0,0,0,0,0,0,0,0,0,0,0,0,0,0,0,0,0,0,0,0,0,0,0,0,0,0,0,0,0,0,0,0,0,0,0,0,0,0,0,0,0,0,0,0,0,0,0,0,0,0,0,0,0,0,0,0,0,0,0,0,0,0,0,0,0,0,0,0,0,0,0,0,0,0,0,0,0,0,0,0,0,0,0,0,0,0,0,0,0,0,0,0,0,0,0,0,0,0,0,0,0,0,0,0,0,0,0,0,0,0,0,0,0,0,0,0,0,0,0,0,0,0,0,0,0,0,0,0,0,0,0,0,0,0,0,0,0,0,0,0,0,0,0,0,0,0,0,0,0,0,0,0,0,0,0,0,0,0,0,0,0],
"events":[
null,
{"id":1,"name":"EV001","note":"","pages":[{"conditions":{"actorId":1,"actorValid":false,"itemId":1,"itemValid":false,"selfSwitchCh":"A","selfSwitchValid":false,"switch1Id":295,"switch1Valid":false,"switch2Id":1,"switch2Valid":false,"variableId":1,"variableValid":false,"variableValue":0},"directionFix":false,"image":{"characterIndex":0,"characterName":"","direction":2,"pattern":0,"tileId":0},"list":[{"code":223,"indent":0,"parameters":[[-255,-255,-255,0],1,false]},{"code":135,"indent":0,"parameters":[0]},{"code":205,"indent":0,"parameters":[-1,{"list":[{"code":19,"indent":null},{"code":0}],"repeat":false,"skippable":false,"wait":true}]},{"code":505,"indent":0,"parameters":[{"code":19,"indent":null}]},{"code":230,"indent":0,"parameters":[60]},{"code":122,"indent":0,"parameters":[9,9,0,0,1]},{"code":231,"indent":0,"parameters":[1,"character_select_bg",0,0,0,0,100,100,0,0]},{"code":231,"indent":0,"parameters":[2,"background_character",0,0,40,65,100,100,0,0]},{"code":231,"indent":0,"parameters":[8,"border_character",0,0,40,65,100,100,0,0]},{"code":231,"indent":0,"parameters":[7,"text_mercenary",0,0,50,445,100,100,0,0]},{"code":231,"indent":0,"parameters":[6,"Actor1_1",0,0,40,65,100,100,0,0]},{"code":231,"indent":0,"parameters":[3,"Actor1_3",0,0,225,65,100,100,0,0]},{"code":231,"indent":0,"parameters":[4,"Actor1_7",0,0,410,65,100,100,0,0]},{"code":231,"indent":0,"parameters":[5,"Actor1_8",0,0,595,65,100,100,0,0]},{"code":232,"indent":0,"parameters":[1,0,0,0,0,0,100,100,255,0,30,false]},{"code":232,"indent":0,"parameters":[2,0,0,0,40,65,100,100,255,0,40,false]},{"code":232,"indent":0,"parameters":[8,0,0,0,40,65,100,100,255,0,40,false]},{"code":232,"indent":0,"parameters":[7,0,0,0,50,445,100,100,255,0,40,false]},{"code":232,"indent":0,"parameters":[6,0,0,0,40,65,100,100,255,0,60,false]},{"code":232,"indent":0,"parameters":[3,0,0,0,225,65,100,100,255,0,60,false]},{"code":232,"indent":0,"parameters":[4,0,0,0,410,65,100,100,255,0,60,false]},{"code":232,"indent":0,"parameters":[5,0,0,0,595,65,100,100,255,0,60,true]},{"code":121,"indent":0,"parameters":[296,296,0]},{"code":0,"indent":0,"parameters":[]}],"moveFrequency":3,"moveRoute":{"list":[{"code":0,"parameters":[]}],"repeat":true,"skippable":false,"wait":false},"moveSpeed":3,"moveType":0,"priorityType":0,"stepAnime":false,"through":false,"trigger":4,"walkAnime":true},{"conditions":{"actorId":1,"actorValid":false,"itemId":1,"itemValid":false,"selfSwitchCh":"A","selfSwitchValid":false,"switch1Id":296,"switch1Valid":true,"switch2Id":1,"switch2Valid":false,"variableId":1,"variableValid":false,"variableValue":0},"directionFix":false,"image":{"characterIndex":0,"characterName":"","direction":2,"pattern":0,"tileId":0},"list":[{"code":0,"indent":0,"parameters":[]}],"moveFrequency":3,"moveRoute":{"list":[{"code":0,"parameters":[]}],"repeat":true,"skippable":false,"wait":false},"moveSpeed":3,"moveType":0,"priorityType":0,"stepAnime":false,"through":false,"trigger":0,"walkAnime":true},{"conditions":{"actorId":1,"actorValid":false,"itemId":1,"itemValid":false,"selfSwitchCh":"A","selfSwitchValid":false,"switch1Id":214,"switch1Valid":true,"switch2Id":1,"switch2Valid":false,"variableId":1,"variableValid":false,"variableValue":0},"directionFix":false,"image":{"characterIndex":0,"characterName":"","direction":2,"pattern":0,"tileId":0},"list":[{"code":355,"indent":0,"parameters":["TouchInput.update = function() {}"]},{"code":126,"indent":0,"parameters":[5,0,0,3]},{"code":315,"indent":0,"parameters":[0,1,0,0,99,false]},{"code":315,"indent":0,"parameters":[0,2,0,0,99,false]},{"code":315,"indent":0,"parameters":[0,3,0,0,99,false]},{"code":315,"indent":0,"parameters":[0,4,0,0,99,false]},{"code":315,"indent":0,"parameters":[0,5,0,0,99,false]},{"code":315,"indent":0,"parameters":[0,6,0,0,99,false]},{"code":315,"indent":0,"parameters":[0,7,0,0,99,false]},{"code":315,"indent":0,"parameters":[0,8,0,0,99,false]},{"code":315,"indent":0,"parameters":[0,9,0,0,99,false]},{"code":315,"indent":0,"parameters":[0,11,0,0,99,false]},{"code":315,"indent":0,"parameters":[0,12,0,0,99,false]},{"code":315,"indent":0,"parameters":[0,16,0,0,99,false]},{"code":315,"indent":0,"parameters":[0,17,0,0,99,false]},{"code":315,"indent":0,"parameters":[0,18,0,0,99,false]},{"code":318,"indent":0,"parameters":[0,16,0,229]},{"code":318,"indent":0,"parameters":[0,17,0,230]},{"code":318,"indent":0,"parameters":[0,18,0,231]},{"code":318,"indent":0,"parameters":[0,19,0,232]},{"code":318,"indent":0,"parameters":[0,20,0,233]},{"code":318,"indent":0,"parameters":[0,21,0,234]},{"code":111,"indent":0,"parameters":[0,246,0]},{"code":318,"indent":1,"parameters":[0,1,0,40]},{"code":303,"indent":1,"parameters":[1,10]},{"code":111,"indent":1,"parameters":[4,1,1,"Школьник"]},{"code":121,"indent":2,"parameters":[2521,2521,0]},{"code":121,"indent":2,"parameters":[2839,2839,0]},{"code":0,"indent":2,"parameters":[]},{"code":411,"indent":1,"parameters":[]},{"code":111,"indent":2,"parameters":[4,1,1,"Школьница"]},{"code":121,"indent":3,"parameters":[2521,2521,0]},{"code":121,"indent":3,"parameters":[2839,2839,0]},{"code":0,"indent":3,"parameters":[]},{"code":411,"indent":2,"parameters":[]},{"code":111,"indent":3,"parameters":[4,1,1,"Ученик"]},{"code":121,"indent":4,"parameters":[2521,2521,0]},{"code":121,"indent":4,"parameters":[2839,2839,0]},{"code":0,"indent":4,"parameters":[]},{"code":411,"indent":3,"parameters":[]},{"code":111,"indent":4,"parameters":[4,1,1,"SET D"]},{"code":250,"indent":5,"parameters":[{"name":"alll-mer_bell_87020__zgump__bell-0105_01","volume":90,"pitch":100,"pan":0}]},{"code":121,"indent":5,"parameters":[2795,2795,0]},{"code":303,"indent":5,"parameters":[1,10]},{"code":0,"indent":5,"parameters":[]},{"code":411,"indent":4,"parameters":[]},{"code":0,"indent":5,"parameters":[]},{"code":412,"indent":4,"parameters":[]},{"code":0,"indent":4,"parameters":[]},{"code":412,"indent":3,"parameters":[]},{"code":0,"indent":3,"parameters":[]},{"code":412,"indent":2,"parameters":[]},{"code":0,"indent":2,"parameters":[]},{"code":412,"indent":1,"parameters":[]},{"code":121,"indent":1,"parameters":[1182,1182,0]},{"code":121,"indent":1,"parameters":[661,661,0]},{"code":318,"indent":1,"parameters":[0,1,0,87]},{"code":0,"indent":1,"parameters":[]},{"code":411,"indent":0,"parameters":[]},{"code":111,"indent":1,"parameters":[0,242,0]},{"code":318,"indent":2,"parameters":[0,3,0,40]},{"code":303,"indent":2,"parameters":[3,10]},{"code":111,"indent":2,"parameters":[4,3,1,"Школьник"]},{"code":121,"indent":3,"parameters":[2522,2522,0]},{"code":121,"indent":3,"parameters":[2839,2839,0]},{"code":0,"indent":3,"parameters":[]},{"code":411,"indent":2,"parameters":[]},{"code":111,"indent":3,"parameters":[4,3,1,"Школьница"]},{"code":121,"indent":4,"parameters":[2522,2522,0]},{"code":121,"indent":4,"parameters":[2839,2839,0]},{"code":0,"indent":4,"parameters":[]},{"code":411,"indent":3,"parameters":[]},{"code":111,"indent":4,"parameters":[4,3,1,"Ученик"]},{"code":121,"indent":5,"parameters":[2522,2522,0]},{"code":121,"indent":5,"parameters":[2839,2839,0]},{"code":0,"indent":5,"parameters":[]},{"code":411,"indent":4,"parameters":[]},{"code":111,"indent":5,"parameters":[4,3,1,"SET D"]},{"code":250,"indent":6,"parameters":[{"name":"alll-mer_bell_87020__zgump__bell-0105_01","volume":90,"pitch":100,"pan":0}]},{"code":121,"indent":6,"parameters":[2795,2795,0]},{"code":303,"indent":6,"parameters":[3,10]},{"code":0,"indent":6,"parameters":[]},{"code":411,"indent":5,"parameters":[]},{"code":0,"indent":6,"parameters":[]},{"code":412,"indent":5,"parameters":[]},{"code":0,"indent":5,"parameters":[]},{"code":412,"indent":4,"parameters":[]},{"code":0,"indent":4,"parameters":[]},{"code":412,"indent":3,"parameters":[]},{"code":0,"indent":3,"parameters":[]},{"code":412,"indent":2,"parameters":[]},{"code":129,"indent":2,"parameters":[3,0,false]},{"code":129,"indent":2,"parameters":[1,1,false]},{"code":121,"indent":2,"parameters":[1181,1181,0]},{"code":121,"indent":2,"parameters":[662,662,0]},{"code":318,"indent":2,"parameters":[0,3,0,87]},{"code":0,"indent":2,"parameters":[]},{"code":411,"indent":1,"parameters":[]},{"code":111,"indent":2,"parameters":[0,243,0]},{"code":318,"indent":3,"parameters":[0,4,0,40]},{"code":303,"indent":3,"parameters":[4,10]},{"code":111,"indent":3,"parameters":[4,4,1,"Школьник"]},{"code":121,"indent":4,"parameters":[2523,2523,0]},{"code":121,"indent":4,"parameters":[2839,2839,0]},{"code":0,"indent":4,"parameters":[]},{"code":411,"indent":3,"parameters":[]},{"code":111,"indent":4,"parameters":[4,4,1,"Школьница"]},{"code":121,"indent":5,"parameters":[2523,2523,0]},{"code":121,"indent":5,"parameters":[2839,2839,0]},{"code":0,"indent":5,"parameters":[]},{"code":411,"indent":4,"parameters":[]},{"code":111,"indent":5,"parameters":[4,4,1,"Ученик"]},{"code":121,"indent":6,"parameters":[2523,2523,0]},{"code":121,"indent":6,"parameters":[2839,2839,0]},{"code":0,"indent":6,"parameters":[]},{"code":411,"indent":5,"parameters":[]},{"code":111,"indent":6,"parameters":[4,4,1,"SET D"]},{"code":250,"indent":7,"parameters":[{"name":"alll-mer_bell_87020__zgump__bell-0105_01","volume":90,"pitch":100,"pan":0}]},{"code":121,"indent":7,"parameters":[2795,2795,0]},{"code":303,"indent":7,"parameters":[4,10]},{"code":0,"indent":7,"parameters":[]},{"code":411,"indent":6,"parameters":[]},{"code":0,"indent":7,"parameters":[]},{"code":412,"indent":6,"parameters":[]},{"code":0,"indent":6,"parameters":[]},{"code":412,"indent":5,"parameters":[]},{"code":0,"indent":5,"parameters":[]},{"code":412,"indent":4,"parameters":[]},{"code":0,"indent":4,"parameters":[]},{"code":412,"indent":3,"parameters":[]},{"code":129,"indent":3,"parameters":[4,0,false]},{"code":129,"indent":3,"parameters":[1,1,false]},{"code":121,"indent":3,"parameters":[663,663,0]},{"code":121,"indent":3,"parameters":[1184,1184,0]},{"code":318,"indent":3,"parameters":[0,4,0,87]},{"code":0,"indent":3,"parameters":[]},{"code":411,"indent":2,"parameters":[]},{"code":111,"indent":3,"parameters":[0,244,0]},{"code":318,"indent":4,"parameters":[0,5,0,40]},{"code":303,"indent":4,"parameters":[5,10]},{"code":111,"indent":4,"parameters":[4,5,1,"Школьник"]},{"code":121,"indent":5,"parameters":[2524,2524,0]},{"code":121,"indent":5,"parameters":[2839,2839,0]},{"code":0,"indent":5,"parameters":[]},{"code":411,"indent":4,"parameters":[]},{"code":111,"indent":5,"parameters":[4,5,1,"Школьница"]},{"code":121,"indent":6,"parameters":[2524,2524,0]},{"code":121,"indent":6,"parameters":[2839,2839,0]},{"code":0,"indent":6,"parameters":[]},{"code":411,"indent":5,"parameters":[]},{"code":111,"indent":6,"parameters":[4,5,1,"Ученик"]},{"code":121,"indent":7,"parameters":[2524,2524,0]},{"code":121,"indent":7,"parameters":[2839,2839,0]},{"code":0,"indent":7,"parameters":[]},{"code":411,"indent":6,"parameters":[]},{"code":111,"indent":7,"parameters":[4,5,1,"SET D"]},{"code":250,"indent":8,"parameters":[{"name":"alll-mer_bell_87020__zgump__bell-0105_01","volume":90,"pitch":100,"pan":0}]},{"code":121,"indent":8,"parameters":[2795,2795,0]},{"code":303,"indent":8,"parameters":[5,10]},{"code":0,"indent":8,"parameters":[]},{"code":411,"indent":7,"parameters":[]},{"code":0,"indent":8,"parameters":[]},{"code":412,"indent":7,"parameters":[]},{"code":0,"indent":7,"parameters":[]},{"code":412,"indent":6,"parameters":[]},{"code":0,"indent":6,"parameters":[]},{"code":412,"indent":5,"parameters":[]},{"code":0,"indent":5,"parameters":[]},{"code":412,"indent":4,"parameters":[]},{"code":129,"indent":4,"parameters":[5,0,false]},{"code":129,"indent":4,"parameters":[1,1,false]},{"code":121,"indent":4,"parameters":[664,664,0]},{"code":121,"indent":4,"parameters":[1183,1183,0]},{"code":318,"indent":4,"parameters":[0,5,0,87]},{"code":0,"indent":4,"parameters":[]},{"code":411,"indent":3,"parameters":[]},{"code":0,"indent":4,"parameters":[]},{"code":412,"indent":3,"parameters":[]},{"code":0,"indent":3,"parameters":[]},{"code":412,"indent":2,"parameters":[]},{"code":0,"indent":2,"parameters":[]},{"code":412,"indent":1,"parameters":[]},{"code":0,"indent":1,"parameters":[]},{"code":412,"indent":0,"parameters":[]},{"code":121,"indent":0,"parameters":[411,411,0]},{"code":250,"indent":0,"parameters":[{"name":"oldedgar__jared-s-gate-to-hell_03","volume":85,"pitch":100,"pan":0}]},{"code":111,"indent":0,"parameters":[0,246,0]},{"code":232,"indent":1,"parameters":[2,0,0,0,40,65,100,100,0,0,40,false]},{"code":232,"indent":1,"parameters":[8,0,0,0,40,65,100,100,0,0,40,false]},{"code":0,"indent":1,"parameters":[]},{"code":411,"indent":0,"parameters":[]},{"code":111,"indent":1,"parameters":[0,242,0]},{"code":232,"indent":2,"parameters":[2,0,0,0,225,65,100,100,0,0,40,false]},{"code":232,"indent":2,"parameters":[8,0,0,0,225,65,100,100,0,0,40,false]},{"code":0,"indent":2,"parameters":[]},{"code":411,"indent":1,"parameters":[]},{"code":111,"indent":2,"parameters":[0,243,0]},{"code":232,"indent":3,"parameters":[2,0,0,0,410,65,100,100,0,0,40,false]},{"code":232,"indent":3,"parameters":[8,0,0,0,410,65,100,100,0,0,40,false]},{"code":0,"indent":3,"parameters":[]},{"code":411,"indent":2,"parameters":[]},{"code":111,"indent":3,"parameters":[0,244,0]},{"code":232,"indent":4,"parameters":[2,0,0,0,595,65,100,100,0,0,40,false]},{"code":232,"indent":4,"parameters":[8,0,0,0,595,65,100,100,0,0,40,false]},{"code":0,"indent":4,"parameters":[]},{"code":411,"indent":3,"parameters":[]},{"code":0,"indent":4,"parameters":[]},{"code":412,"indent":3,"parameters":[]},{"code":0,"indent":3,"parameters":[]},{"code":412,"indent":2,"parameters":[]},{"code":0,"indent":2,"parameters":[]},{"code":412,"indent":1,"parameters":[]},{"code":0,"indent":1,"parameters":[]},{"code":412,"indent":0,"parameters":[]},{"code":232,"indent":0,"parameters":[1,0,0,0,0,0,100,100,0,0,40,false]},{"code":232,"indent":0,"parameters":[7,0,0,0,50,445,100,100,0,0,40,false]},{"code":232,"indent":0,"parameters":[6,0,0,0,40,65,100,100,0,0,60,false]},{"code":232,"indent":0,"parameters":[3,0,0,0,225,65,100,100,0,0,60,false]},{"code":232,"indent":0,"parameters":[4,0,0,0,410,65,100,100,0,0,60,false]},{"code":232,"indent":0,"parameters":[5,0,0,0,595,65,100,100,0,0,60,true]},{"code":235,"indent":0,"parameters":[1]},{"code":235,"indent":0,"parameters":[2]},{"code":235,"indent":0,"parameters":[6]},{"code":235,"indent":0,"parameters":[3]},{"code":235,"indent":0,"parameters":[4]},{"code":235,"indent":0,"parameters":[5]},{"code":235,"indent":0,"parameters":[8]},{"code":235,"indent":0,"parameters":[7]},{"code":121,"indent":0,"parameters":[296,296,1]},{"code":121,"indent":0,"parameters":[214,214,1]},{"code":123,"indent":0,"parameters":["A",0]},{"code":0,"indent":0,"parameters":[]}],"moveFrequency":3,"moveRoute":{"list":[{"code":0,"parameters":[]}],"repeat":true,"skippable":false,"wait":false},"moveSpeed":3,"moveType":0,"priorityType":0,"stepAnime":false,"through":false,"trigger":3,"walkAnime":true},{"conditions":{"actorId":1,"actorValid":false,"itemId":1,"itemValid":false,"selfSwitchCh":"A","selfSwitchValid":true,"switch1Id":1,"switch1Valid":false,"switch2Id":1,"switch2Valid":false,"variableId":1,"variableValid":false,"variableValue":0},"directionFix":false,"image":{"characterIndex":0,"characterName":"","direction":2,"pattern":0,"tileId":0},"list":[{"code":223,"indent":0,"parameters":[[-255,-255,-255,0],1,false]},{"code":135,"indent":0,"parameters":[0]},{"code":205,"indent":0,"parameters":[-1,{"list":[{"code":19,"indent":null},{"code":0}],"repeat":false,"skippable":false,"wait":true}]},{"code":505,"indent":0,"parameters":[{"code":19,"indent":null}]},{"code":230,"indent":0,"parameters":[60]},{"code":231,"indent":0,"parameters":[2,"disclaimer",0,0,0,0,100,100,0,0]},{"code":232,"indent":0,"parameters":[2,0,0,0,0,0,100,100,255,0,60,true]},{"code":230,"indent":0,"parameters":[300]},{"code":232,"indent":0,"parameters":[2,0,0,0,0,0,100,100,0,0,60,true]},{"code":230,"indent":0,"parameters":[60]},{"code":230,"indent":0,"parameters":[140]},{"code":121,"indent":0,"parameters":[213,213,0]},{"code":261,"indent":0,"parameters":["intro"]},{"code":121,"indent":0,"parameters":[295,295,0]},{"code":0,"indent":0,"parameters":[]}],"moveFrequency":3,"moveRoute":{"list":[{"code":0,"parameters":[]}],"repeat":true,"skippable":false,"wait":false},"moveSpeed":3,"moveType":0,"priorityType":0,"stepAnime":false,"through":false,"trigger":4,"walkAnime":true},{"conditions":{"actorId":1,"actorValid":false,"itemId":1,"itemValid":false,"selfSwitchCh":"A","selfSwitchValid":false,"switch1Id":295,"switch1Valid":true,"switch2Id":1,"switch2Valid":false,"variableId":1,"variableValid":false,"variableValue":0},"directionFix":false,"image":{"characterIndex":0,"characterName":"","direction":2,"pattern":0,"tileId":0},"list":[{"code":108,"indent":0,"parameters":["<Config Text: Phase>"]},{"code":126,"indent":0,"parameters":[201,0,0,2]},{"code":318,"indent":0,"parameters":[0,16,0,229]},{"code":318,"indent":0,"parameters":[0,17,0,230]},{"code":318,"indent":0,"parameters":[0,18,0,231]},{"code":318,"indent":0,"parameters":[0,19,0,232]},{"code":318,"indent":0,"parameters":[0,20,0,233]},{"code":318,"indent":0,"parameters":[0,21,0,234]},{"code":122,"indent":0,"parameters":[315,315,0,2,1,2]},{"code":111,"indent":0,"parameters":[1,315,0,1,0]},{"code":121,"indent":1,"parameters":[2535,2535,0]},{"code":0,"indent":1,"parameters":[]},{"code":411,"indent":0,"parameters":[]},{"code":121,"indent":1,"parameters":[2536,2536,0]},{"code":0,"indent":1,"parameters":[]},{"code":412,"indent":0,"parameters":[]},{"code":122,"indent":0,"parameters":[354,354,0,2,1,3]},{"code":111,"indent":0,"parameters":[1,354,0,1,0]},{"code":121,"indent":1,"parameters":[2929,2929,0]},{"code":0,"indent":1,"parameters":[]},{"code":411,"indent":0,"parameters":[]},{"code":111,"indent":1,"parameters":[1,354,0,2,0]},{"code":121,"indent":2,"parameters":[2930,2930,0]},{"code":0,"indent":2,"parameters":[]},{"code":411,"indent":1,"parameters":[]},{"code":121,"indent":2,"parameters":[2931,2931,0]},{"code":0,"indent":2,"parameters":[]},{"code":412,"indent":1,"parameters":[]},{"code":0,"indent":1,"parameters":[]},{"code":412,"indent":0,"parameters":[]},{"code":122,"indent":0,"parameters":[209,209,0,2,1,3]},{"code":122,"indent":0,"parameters":[252,252,0,2,1,2]},{"code":111,"indent":0,"parameters":[1,209,0,1,0]},{"code":121,"indent":1,"parameters":[1562,1562,0]},{"code":0,"indent":1,"parameters":[]},{"code":411,"indent":0,"parameters":[]},{"code":111,"indent":1,"parameters":[1,209,0,2,0]},{"code":121,"indent":2,"parameters":[1563,1563,0]},{"code":0,"indent":2,"parameters":[]},{"code":411,"indent":1,"parameters":[]},{"code":121,"indent":2,"parameters":[1564,1564,0]},{"code":0,"indent":2,"parameters":[]},{"code":412,"indent":1,"parameters":[]},{"code":0,"indent":1,"parameters":[]},{"code":412,"indent":0,"parameters":[]},{"code":122,"indent":0,"parameters":[121,121,0,2,1,4]},{"code":122,"indent":0,"parameters":[350,350,0,2,1,2]},{"code":122,"indent":0,"parameters":[122,122,0,2,1,2]},{"code":122,"indent":0,"parameters":[123,123,0,2,1,3]},{"code":122,"indent":0,"parameters":[124,124,0,2,1,1]},{"code":122,"indent":0,"parameters":[125,125,0,2,1,1]},{"code":122,"indent":0,"parameters":[126,126,0,2,1,2]},{"code":122,"indent":0,"parameters":[127,127,0,2,1,2]},{"code":122,"indent":0,"parameters":[128,128,0,2,1,3]},{"code":122,"indent":0,"parameters":[129,129,0,2,1,1]},{"code":122,"indent":0,"parameters":[130,130,0,2,1,1]},{"code":122,"indent":0,"parameters":[131,131,0,2,1,1]},{"code":122,"indent":0,"parameters":[132,132,0,2,1,1]},{"code":122,"indent":0,"parameters":[133,133,0,2,1,2]},{"code":122,"indent":0,"parameters":[134,134,0,2,1,2]},{"code":122,"indent":0,"parameters":[135,135,0,2,1,1]},{"code":122,"indent":0,"parameters":[136,136,0,2,1,1]},{"code":122,"indent":0,"parameters":[208,208,0,2,1,1]},{"code":111,"indent":0,"parameters":[0,2795,0]},{"code":122,"indent":1,"parameters":[121,121,0,0,4]},{"code":122,"indent":1,"parameters":[350,350,0,0,2]},{"code":122,"indent":1,"parameters":[128,128,0,0,3]},{"code":0,"indent":1,"parameters":[]},{"code":412,"indent":0,"parameters":[]},{"code":111,"indent":0,"parameters":[1,208,0,1,0]},{"code":121,"indent":1,"parameters":[1518,1518,0]},{"code":0,"indent":1,"parameters":[]},{"code":412,"indent":0,"parameters":[]},{"code":122,"indent":0,"parameters":[260,260,0,2,1,10]},{"code":111,"indent":0,"parameters":[1,260,0,10,0]},{"code":121,"indent":1,"parameters":[2199,2199,0]},{"code":0,"indent":1,"parameters":[]},{"code":412,"indent":0,"parameters":[]},{"code":122,"indent":0,"parameters":[260,260,0,2,1,6]},{"code":111,"indent":0,"parameters":[1,260,0,1,0]},{"code":121,"indent":1,"parameters":[2229,2229,0]},{"code":0,"indent":1,"parameters":[]},{"code":412,"indent":0,"parameters":[]},{"code":118,"indent":0,"parameters":["BACK_TO"]},{"code":111,"indent":0,"parameters":[0,2839,0]},{"code":0,"indent":1,"parameters":[]},{"code":411,"indent":0,"parameters":[]},{"code":356,"indent":1,"parameters":["choice_text 4 ????"]},{"code":356,"indent":1,"parameters":["disable_choice 4"]},{"code":0,"indent":1,"parameters":[]},{"code":412,"indent":0,"parameters":[]},{"code":356,"indent":0,"parameters":["EnableWordWrap"]},{"code":101,"indent":0,"parameters":["",0,0,2]},{"code":401,"indent":0,"parameters":[""]},{"code":102,"indent":0,"parameters":[["Страх & Голод","Ужас & Истощение","Сложный режим","[Ночи Подземелья]"],-1,0,1,0]},{"code":402,"indent":0,"parameters":[0,"Страх & Голод"]},{"code":108,"indent":1,"parameters":["ChoiceHelp Выберите режим..."]},{"code":108,"indent":1,"parameters":["ChoiceMessage <WordWrap>Более легкий режим для новичков. Темнота милосердна, голод не так опасен."]},{"code":121,"indent":1,"parameters":[3480,3480,0]},{"code":0,"indent":1,"parameters":[]},{"code":402,"indent":0,"parameters":[1,"Ужас & Истощение"]},{"code":108,"indent":1,"parameters":["ChoiceHelp Выберите режим..."]},{"code":108,"indent":1,"parameters":["ChoiceMessage <WordWrap>Подземелья не знают пощады. Тьма по-настоящему беспроглядна, голод беспрестанен. Враги жестоки. Доступны дополнительные противники и пути развития истории."]},{"code":356,"indent":1,"parameters":["Light on 77"]},{"code":122,"indent":1,"parameters":[4,4,0,2,1,2]},{"code":121,"indent":1,"parameters":[3507,3507,0]},{"code":111,"indent":1,"parameters":[1,4,0,1,0]},{"code":121,"indent":2,"parameters":[3505,3505,0]},{"code":0,"indent":2,"parameters":[]},{"code":411,"indent":1,"parameters":[]},{"code":121,"indent":2,"parameters":[3506,3506,0]},{"code":0,"indent":2,"parameters":[]},{"code":412,"indent":1,"parameters":[]},{"code":121,"indent":1,"parameters":[3480,3480,0]},{"code":121,"indent":1,"parameters":[3153,3153,0]},{"code":121,"indent":1,"parameters":[3452,3452,0]},{"code":121,"indent":1,"parameters":[3154,3154,0]},{"code":121,"indent":1,"parameters":[3155,3155,0]},{"code":122,"indent":1,"parameters":[4,4,0,2,1,2]},{"code":111,"indent":1,"parameters":[1,4,0,1,0]},{"code":121,"indent":2,"parameters":[3392,3392,0]},{"code":0,"indent":2,"parameters":[]},{"code":411,"indent":1,"parameters":[]},{"code":121,"indent":2,"parameters":[3393,3393,0]},{"code":0,"indent":2,"parameters":[]},{"code":412,"indent":1,"parameters":[]},{"code":0,"indent":1,"parameters":[]},{"code":402,"indent":0,"parameters":[2,"Сложный режим"]},{"code":108,"indent":1,"parameters":["ChoiceHelp Выберите режим..."]},{"code":108,"indent":1,"parameters":["ChoiceMessage <WordWrap>Одиночный режим. Никаких сохранений и спутников. Применяются все особенности Ужаса & Истощения."]},{"code":121,"indent":1,"parameters":[2190,2190,0]},{"code":111,"indent":1,"parameters":[0,243,0]},{"code":121,"indent":2,"parameters":[2751,2751,0]},{"code":0,"indent":2,"parameters":[]},{"code":412,"indent":1,"parameters":[]},{"code":356,"indent":1,"parameters":["Light on 77"]},{"code":122,"indent":1,"parameters":[4,4,0,2,1,2]},{"code":121,"indent":1,"parameters":[3507,3507,0]},{"code":111,"indent":1,"parameters":[1,4,0,1,0]},{"code":121,"indent":2,"parameters":[3505,3505,0]},{"code":0,"indent":2,"parameters":[]},{"code":411,"indent":1,"parameters":[]},{"code":121,"indent":2,"parameters":[3506,3506,0]},{"code":0,"indent":2,"parameters":[]},{"code":412,"indent":1,"parameters":[]},{"code":121,"indent":1,"parameters":[3480,3480,0]},{"code":121,"indent":1,"parameters":[3153,3153,0]},{"code":121,"indent":1,"parameters":[3452,3452,0]},{"code":121,"indent":1,"parameters":[3154,3154,0]},{"code":121,"indent":1,"parameters":[3155,3155,0]},{"code":122,"indent":1,"parameters":[4,4,0,2,1,2]},{"code":111,"indent":1,"parameters":[1,4,0,1,0]},{"code":121,"indent":2,"parameters":[3392,3392,0]},{"code":0,"indent":2,"parameters":[]},{"code":411,"indent":1,"parameters":[]},{"code":121,"indent":2,"parameters":[3393,3393,0]},{"code":0,"indent":2,"parameters":[]},{"code":412,"indent":1,"parameters":[]},{"code":0,"indent":1,"parameters":[]},{"code":402,"indent":0,"parameters":[3,"[Ночи Подземелья]"]},{"code":108,"indent":1,"parameters":["ChoiceHelp Выберите режим..."]},{"code":108,"indent":1,"parameters":["ChoiceMessage <WordWrap>Особый режим. Сочетает физические, умственные и социальные испытания. Для новичков может оказаться слишком сложным."]},{"code":101,"indent":1,"parameters":["",0,0,1]},{"code":401,"indent":1,"parameters":["Перед тем, как опробовать [Ночи Подземелья], настоятельно "]},{"code":401,"indent":1,"parameters":["рекомендуется пройти игру в обычном режиме."]},{"code":101,"indent":1,"parameters":["",0,0,1]},{"code":401,"indent":1,"parameters":["Режим [Ночи Подземелья] сочетает физические, умственные "]},{"code":401,"indent":1,"parameters":["и социальные испытания. Для новичков он может оказаться "]},{"code":401,"indent":1,"parameters":["слишком сложным."]},{"code":102,"indent":1,"parameters":[["Начать в режиме [Ночи Подземелья]","Назад!"],-1,0,1,0]},{"code":402,"indent":1,"parameters":[0,"Начать в режиме [Ночи Подземелья]"]},{"code":121,"indent":2,"parameters":[2190,2190,0]},{"code":121,"indent":2,"parameters":[2533,2533,0]},{"code":0,"indent":2,"parameters":[]},{"code":402,"indent":1,"parameters":[1,"Назад!"]},{"code":119,"indent":2,"parameters":["BACK_TO"]},{"code":0,"indent":2,"parameters":[]},{"code":404,"indent":1,"parameters":[]},{"code":0,"indent":1,"parameters":[]},{"code":404,"indent":0,"parameters":[]},{"code":356,"indent":0,"parameters":["DisableWordWrap"]},{"code":111,"indent":0,"parameters":[0,2533,0]},{"code":230,"indent":1,"parameters":[60]},{"code":223,"indent":1,"parameters":[[-255,-255,-255,0],60,true]},{"code":201,"indent":1,"parameters":[0,161,0,12,0,0]},{"code":111,"indent":1,"parameters":[4,3,0]},{"code":121,"indent":2,"parameters":[1189,1189,0]},{"code":318,"indent":2,"parameters":[0,3,0,71]},{"code":121,"indent":2,"parameters":[1188,1188,0]},{"code":121,"indent":2,"parameters":[1211,1211,0]},{"code":0,"indent":2,"parameters":[]},{"code":411,"indent":1,"parameters":[]},{"code":111,"indent":2,"parameters":[4,4,0]},{"code":121,"indent":3,"parameters":[1188,1188,0]},{"code":121,"indent":3,"parameters":[1197,1197,0]},{"code":318,"indent":3,"parameters":[0,4,0,71]},{"code":318,"indent":3,"parameters":[0,4,0,12]},{"code":0,"indent":3,"parameters":[]},{"code":411,"indent":2,"parameters":[]},{"code":111,"indent":3,"parameters":[4,5,0]},{"code":318,"indent":4,"parameters":[0,5,0,78]},{"code":318,"indent":4,"parameters":[0,5,0,71]},{"code":121,"indent":4,"parameters":[1188,1188,0]},{"code":121,"indent":4,"parameters":[1193,1193,0]},{"code":121,"indent":4,"parameters":[1192,1192,0]},{"code":0,"indent":4,"parameters":[]},{"code":411,"indent":3,"parameters":[]},{"code":121,"indent":4,"parameters":[1185,1185,0]},{"code":318,"indent":4,"parameters":[0,1,0,71]},{"code":121,"indent":4,"parameters":[1187,1187,0]},{"code":121,"indent":4,"parameters":[1188,1188,0]},{"code":318,"indent":4,"parameters":[0,1,0,70]},{"code":318,"indent":4,"parameters":[0,1,0,72]},{"code":0,"indent":4,"parameters":[]},{"code":412,"indent":3,"parameters":[]},{"code":0,"indent":3,"parameters":[]},{"code":412,"indent":2,"parameters":[]},{"code":0,"indent":2,"parameters":[]},{"code":412,"indent":1,"parameters":[]},{"code":113,"indent":1,"parameters":[]},{"code":0,"indent":1,"parameters":[]},{"code":411,"indent":0,"parameters":[]},{"code":101,"indent":1,"parameters":["",0,0,2]},{"code":401,"indent":1,"parameters":["Пропустить пролог?"]},{"code":102,"indent":1,"parameters":[["Нет","Да"],-1,0,1,0]},{"code":402,"indent":1,"parameters":[0,"Нет"]},{"code":111,"indent":2,"parameters":[0,244,0]},{"code":121,"indent":3,"parameters":[1193,1193,0]},{"code":0,"indent":3,"parameters":[]},{"code":412,"indent":2,"parameters":[]},{"code":201,"indent":2,"parameters":[0,73,8,7,0,0]},{"code":0,"indent":2,"parameters":[]},{"code":402,"indent":1,"parameters":[1,"Да"]},{"code":111,"indent":2,"parameters":[0,242,1]},{"code":122,"indent":3,"parameters":[83,83,0,2,1,3]},{"code":111,"indent":3,"parameters":[0,2841,0]},{"code":320,"indent":4,"parameters":[3,"Д'Арс"]},{"code":0,"indent":4,"parameters":[]},{"code":412,"indent":3,"parameters":[]},{"code":0,"indent":3,"parameters":[]},{"code":412,"indent":2,"parameters":[]},{"code":111,"indent":2,"parameters":[0,243,1]},{"code":122,"indent":3,"parameters":[84,84,0,0,3]},{"code":111,"indent":3,"parameters":[0,2841,0]},{"code":320,"indent":4,"parameters":[4,"Энки"]},{"code":0,"indent":4,"parameters":[]},{"code":412,"indent":3,"parameters":[]},{"code":0,"indent":3,"parameters":[]},{"code":412,"indent":2,"parameters":[]},{"code":111,"indent":2,"parameters":[0,244,1]},{"code":122,"indent":3,"parameters":[85,85,0,0,3]},{"code":111,"indent":3,"parameters":[0,2841,0]},{"code":320,"indent":4,"parameters":[5,"Рагнвальд"]},{"code":0,"indent":4,"parameters":[]},{"code":412,"indent":3,"parameters":[]},{"code":0,"indent":3,"parameters":[]},{"code":412,"indent":2,"parameters":[]},{"code":111,"indent":2,"parameters":[0,246,1]},{"code":122,"indent":3,"parameters":[86,86,0,0,1]},{"code":121,"indent":3,"parameters":[986,986,0]},{"code":111,"indent":3,"parameters":[0,2841,0]},{"code":320,"indent":4,"parameters":[1,"Кахара"]},{"code":0,"indent":4,"parameters":[]},{"code":412,"indent":3,"parameters":[]},{"code":318,"indent":3,"parameters":[0,1,0,70]},{"code":0,"indent":3,"parameters":[]},{"code":412,"indent":2,"parameters":[]},{"code":111,"indent":2,"parameters":[0,246,0]},{"code":318,"indent":3,"parameters":[0,1,0,72]},{"code":318,"indent":3,"parameters":[0,1,0,291]},{"code":121,"indent":3,"parameters":[1185,1185,0]},{"code":0,"indent":3,"parameters":[]},{"code":412,"indent":2,"parameters":[]},{"code":111,"indent":2,"parameters":[0,242,0]},{"code":0,"indent":3,"parameters":[]},{"code":412,"indent":2,"parameters":[]},{"code":111,"indent":2,"parameters":[0,244,0]},{"code":318,"indent":3,"parameters":[0,5,0,78]},{"code":121,"indent":3,"parameters":[1192,1192,0]},{"code":121,"indent":3,"parameters":[1193,1193,0]},{"code":126,"indent":3,"parameters":[75,0,0,5]},{"code":126,"indent":3,"parameters":[76,0,0,1]},{"code":0,"indent":3,"parameters":[]},{"code":412,"indent":2,"parameters":[]},{"code":111,"indent":2,"parameters":[0,243,0]},{"code":318,"indent":3,"parameters":[0,4,0,21]},{"code":121,"indent":3,"parameters":[1199,1199,0]},{"code":318,"indent":3,"parameters":[0,4,0,115]},{"code":121,"indent":3,"parameters":[1195,1195,0]},{"code":0,"indent":3,"parameters":[]},{"code":412,"indent":2,"parameters":[]},{"code":111,"indent":2,"parameters":[0,243,1]},{"code":318,"indent":3,"parameters":[0,4,0,12]},{"code":0,"indent":3,"parameters":[]},{"code":412,"indent":2,"parameters":[]},{"code":122,"indent":2,"parameters":[27,27,0,0,100]},{"code":122,"indent":2,"parameters":[68,68,0,2,1,2]},{"code":122,"indent":2,"parameters":[69,69,0,2,1,2]},{"code":122,"indent":2,"parameters":[20,20,0,2,1,2]},{"code":122,"indent":2,"parameters":[21,21,0,2,1,2]},{"code":122,"indent":2,"parameters":[26,26,0,2,1,2]},{"code":122,"indent":2,"parameters":[31,31,0,2,1,2]},{"code":122,"indent":2,"parameters":[32,32,0,2,1,2]},{"code":122,"indent":2,"parameters":[61,61,0,2,1,2]},{"code":122,"indent":2,"parameters":[82,82,0,2,1,2]},{"code":122,"indent":2,"parameters":[78,78,0,2,1,2]},{"code":122,"indent":2,"parameters":[76,76,0,2,1,2]},{"code":122,"indent":2,"parameters":[97,97,0,2,1,2]},{"code":111,"indent":2,"parameters":[1,76,0,1,0]},{"code":122,"indent":3,"parameters":[77,77,0,0,2]},{"code":0,"indent":3,"parameters":[]},{"code":412,"indent":2,"parameters":[]},{"code":111,"indent":2,"parameters":[1,20,0,1,0]},{"code":108,"indent":3,"parameters":["unused"]},{"code":121,"indent":3,"parameters":[46,46,0]},{"code":0,"indent":3,"parameters":[]},{"code":412,"indent":2,"parameters":[]},{"code":108,"indent":2,"parameters":["//// PHOBIAS"]},{"code":122,"indent":2,"parameters":[4,4,0,2,1,6]},{"code":111,"indent":2,"parameters":[1,4,0,1,0]},{"code":313,"indent":3,"parameters":[0,1,0,65]},{"code":324,"indent":3,"parameters":[1,"Зоофобия"]},{"code":0,"indent":3,"parameters":[]},{"code":411,"indent":2,"parameters":[]},{"code":111,"indent":3,"parameters":[1,4,0,2,0]},{"code":313,"indent":4,"parameters":[0,1,0,66]},{"code":324,"indent":4,"parameters":[1,"Некрофобия"]},{"code":0,"indent":4,"parameters":[]},{"code":411,"indent":3,"parameters":[]},{"code":111,"indent":4,"parameters":[1,4,0,3,0]},{"code":313,"indent":5,"parameters":[0,1,0,68]},{"code":324,"indent":5,"parameters":[1,"Фазмофобия"]},{"code":0,"indent":5,"parameters":[]},{"code":411,"indent":4,"parameters":[]},{"code":111,"indent":5,"parameters":[1,4,0,4,0]},{"code":313,"indent":6,"parameters":[0,1,0,69]},{"code":324,"indent":6,"parameters":[1,"Рабдофобия"]},{"code":0,"indent":6,"parameters":[]},{"code":411,"indent":5,"parameters":[]},{"code":111,"indent":6,"parameters":[1,4,0,5,0]},{"code":313,"indent":7,"parameters":[0,1,0,70]},{"code":324,"indent":7,"parameters":[1,"Тератофобия"]},{"code":0,"indent":7,"parameters":[]},{"code":411,"indent":6,"parameters":[]},{"code":111,"indent":7,"parameters":[1,4,0,6,0]},{"code":313,"indent":8,"parameters":[0,1,0,71]},{"code":324,"indent":8,"parameters":[1,"Эротофобия"]},{"code":0,"indent":8,"parameters":[]},{"code":411,"indent":7,"parameters":[]},{"code":111,"indent":8,"parameters":[1,4,0,7,0]},{"code":313,"indent":9,"parameters":[0,1,0,67]},{"code":324,"indent":9,"parameters":[1,"Панофобия"]},{"code":0,"indent":9,"parameters":[]},{"code":411,"indent":8,"parameters":[]},{"code":0,"indent":9,"parameters":[]},{"code":412,"indent":8,"parameters":[]},{"code":0,"indent":8,"parameters":[]},{"code":412,"indent":7,"parameters":[]},{"code":0,"indent":7,"parameters":[]},{"code":412,"indent":6,"parameters":[]},{"code":0,"indent":6,"parameters":[]},{"code":412,"indent":5,"parameters":[]},{"code":0,"indent":5,"parameters":[]},{"code":412,"indent":4,"parameters":[]},{"code":0,"indent":4,"parameters":[]},{"code":412,"indent":3,"parameters":[]},{"code":0,"indent":3,"parameters":[]},{"code":412,"indent":2,"parameters":[]},{"code":122,"indent":2,"parameters":[4,4,0,2,1,6]},{"code":111,"indent":2,"parameters":[1,4,0,1,0]},{"code":313,"indent":3,"parameters":[0,5,0,65]},{"code":324,"indent":3,"parameters":[5,"Зоофобия"]},{"code":0,"indent":3,"parameters":[]},{"code":411,"indent":2,"parameters":[]},{"code":111,"indent":3,"parameters":[1,4,0,2,0]},{"code":313,"indent":4,"parameters":[0,5,0,66]},{"code":324,"indent":4,"parameters":[5,"Некрофобия"]},{"code":0,"indent":4,"parameters":[]},{"code":411,"indent":3,"parameters":[]},{"code":111,"indent":4,"parameters":[1,4,0,3,0]},{"code":313,"indent":5,"parameters":[0,5,0,71]},{"code":324,"indent":5,"parameters":[5,"Эротофобия"]},{"code":0,"indent":5,"parameters":[]},{"code":411,"indent":4,"parameters":[]},{"code":111,"indent":5,"parameters":[1,4,0,4,0]},{"code":313,"indent":6,"parameters":[0,5,0,68]},{"code":324,"indent":6,"parameters":[5,"Фазмофобия"]},{"code":0,"indent":6,"parameters":[]},{"code":411,"indent":5,"parameters":[]},{"code":111,"indent":6,"parameters":[1,4,0,5,0]},{"code":313,"indent":7,"parameters":[0,5,0,69]},{"code":324,"indent":7,"parameters":[5,"Рабдофобия"]},{"code":0,"indent":7,"parameters":[]},{"code":411,"indent":6,"parameters":[]},{"code":111,"indent":7,"parameters":[1,4,0,6,0]},{"code":313,"indent":8,"parameters":[0,5,0,70]},{"code":324,"indent":8,"parameters":[5,"Тератофобия"]},{"code":0,"indent":8,"parameters":[]},{"code":411,"indent":7,"parameters":[]},{"code":111,"indent":8,"parameters":[1,4,0,7,0]},{"code":313,"indent":9,"parameters":[0,5,0,67]},{"code":324,"indent":9,"parameters":[5,"Панофобия"]},{"code":0,"indent":9,"parameters":[]},{"code":411,"indent":8,"parameters":[]},{"code":0,"indent":9,"parameters":[]},{"code":412,"indent":8,"parameters":[]},{"code":0,"indent":8,"parameters":[]},{"code":412,"indent":7,"parameters":[]},{"code":0,"indent":7,"parameters":[]},{"code":412,"indent":6,"parameters":[]},{"code":0,"indent":6,"parameters":[]},{"code":412,"indent":5,"parameters":[]},{"code":0,"indent":5,"parameters":[]},{"code":412,"indent":4,"parameters":[]},{"code":0,"indent":4,"parameters":[]},{"code":412,"indent":3,"parameters":[]},{"code":0,"indent":3,"parameters":[]},{"code":412,"indent":2,"parameters":[]},{"code":122,"indent":2,"parameters":[4,4,0,2,1,6]},{"code":111,"indent":2,"parameters":[1,4,0,1,0]},{"code":313,"indent":3,"parameters":[0,3,0,65]},{"code":324,"indent":3,"parameters":[3,"Зоофобия"]},{"code":0,"indent":3,"parameters":[]},{"code":411,"indent":2,"parameters":[]},{"code":111,"indent":3,"parameters":[1,4,0,2,0]},{"code":313,"indent":4,"parameters":[0,3,0,66]},{"code":324,"indent":4,"parameters":[3,"Некрофобия"]},{"code":0,"indent":4,"parameters":[]},{"code":411,"indent":3,"parameters":[]},{"code":111,"indent":4,"parameters":[1,4,0,3,0]},{"code":313,"indent":5,"parameters":[0,3,0,71]},{"code":324,"indent":5,"parameters":[3,"Эротофобия"]},{"code":0,"indent":5,"parameters":[]},{"code":411,"indent":4,"parameters":[]},{"code":111,"indent":5,"parameters":[1,4,0,4,0]},{"code":313,"indent":6,"parameters":[0,3,0,68]},{"code":324,"indent":6,"parameters":[3,"Фазмофобия"]},{"code":0,"indent":6,"parameters":[]},{"code":411,"indent":5,"parameters":[]},{"code":111,"indent":6,"parameters":[1,4,0,5,0]},{"code":313,"indent":7,"parameters":[0,3,0,69]},{"code":324,"indent":7,"parameters":[3,"Рабдофобия"]},{"code":0,"indent":7,"parameters":[]},{"code":411,"indent":6,"parameters":[]},{"code":111,"indent":7,"parameters":[1,4,0,6,0]},{"code":313,"indent":8,"parameters":[0,3,0,70]},{"code":324,"indent":8,"parameters":[3,"Тератофобия"]},{"code":0,"indent":8,"parameters":[]},{"code":411,"indent":7,"parameters":[]},{"code":111,"indent":8,"parameters":[1,4,0,7,0]},{"code":313,"indent":9,"parameters":[0,3,0,67]},{"code":324,"indent":9,"parameters":[3,"Панофобия"]},{"code":0,"indent":9,"parameters":[]},{"code":411,"indent":8,"parameters":[]},{"code":0,"indent":9,"parameters":[]},{"code":412,"indent":8,"parameters":[]},{"code":0,"indent":8,"parameters":[]},{"code":412,"indent":7,"parameters":[]},{"code":0,"indent":7,"parameters":[]},{"code":412,"indent":6,"parameters":[]},{"code":0,"indent":6,"parameters":[]},{"code":412,"indent":5,"parameters":[]},{"code":0,"indent":5,"parameters":[]},{"code":412,"indent":4,"parameters":[]},{"code":0,"indent":4,"parameters":[]},{"code":412,"indent":3,"parameters":[]},{"code":0,"indent":3,"parameters":[]},{"code":412,"indent":2,"parameters":[]},{"code":122,"indent":2,"parameters":[4,4,0,2,1,6]},{"code":111,"indent":2,"parameters":[1,4,0,1,0]},{"code":313,"indent":3,"parameters":[0,4,0,65]},{"code":324,"indent":3,"parameters":[4,"Зоофобия"]},{"code":0,"indent":3,"parameters":[]},{"code":411,"indent":2,"parameters":[]},{"code":111,"indent":3,"parameters":[1,4,0,2,0]},{"code":313,"indent":4,"parameters":[0,4,0,66]},{"code":324,"indent":4,"parameters":[4,"Некрофобия"]},{"code":0,"indent":4,"parameters":[]},{"code":411,"indent":3,"parameters":[]},{"code":111,"indent":4,"parameters":[1,4,0,3,0]},{"code":313,"indent":5,"parameters":[0,4,0,71]},{"code":324,"indent":5,"parameters":[4,"Эротофобия"]},{"code":0,"indent":5,"parameters":[]},{"code":411,"indent":4,"parameters":[]},{"code":111,"indent":5,"parameters":[1,4,0,4,0]},{"code":313,"indent":6,"parameters":[0,4,0,68]},{"code":324,"indent":6,"parameters":[4,"Фазмофобия"]},{"code":0,"indent":6,"parameters":[]},{"code":411,"indent":5,"parameters":[]},{"code":111,"indent":6,"parameters":[1,4,0,5,0]},{"code":313,"indent":7,"parameters":[0,4,0,69]},{"code":324,"indent":7,"parameters":[4,"Рабдофобия"]},{"code":0,"indent":7,"parameters":[]},{"code":411,"indent":6,"parameters":[]},{"code":111,"indent":7,"parameters":[1,4,0,6,0]},{"code":313,"indent":8,"parameters":[0,4,0,70]},{"code":324,"indent":8,"parameters":[4,"Тератофобия"]},{"code":0,"indent":8,"parameters":[]},{"code":411,"indent":7,"parameters":[]},{"code":111,"indent":8,"parameters":[1,4,0,7,0]},{"code":313,"indent":9,"parameters":[0,4,0,67]},{"code":324,"indent":9,"parameters":[4,"Панофобия"]},{"code":0,"indent":9,"parameters":[]},{"code":411,"indent":8,"parameters":[]},{"code":0,"indent":9,"parameters":[]},{"code":412,"indent":8,"parameters":[]},{"code":0,"indent":8,"parameters":[]},{"code":412,"indent":7,"parameters":[]},{"code":0,"indent":7,"parameters":[]},{"code":412,"indent":6,"parameters":[]},{"code":0,"indent":6,"parameters":[]},{"code":412,"indent":5,"parameters":[]},{"code":0,"indent":5,"parameters":[]},{"code":412,"indent":4,"parameters":[]},{"code":0,"indent":4,"parameters":[]},{"code":412,"indent":3,"parameters":[]},{"code":0,"indent":3,"parameters":[]},{"code":412,"indent":2,"parameters":[]},{"code":122,"indent":2,"parameters":[4,4,0,2,1,6]},{"code":111,"indent":2,"parameters":[1,4,0,1,0]},{"code":313,"indent":3,"parameters":[0,6,0,65]},{"code":324,"indent":3,"parameters":[6,"Зоофобия"]},{"code":0,"indent":3,"parameters":[]},{"code":411,"indent":2,"parameters":[]},{"code":111,"indent":3,"parameters":[1,4,0,2,0]},{"code":313,"indent":4,"parameters":[0,6,0,66]},{"code":324,"indent":4,"parameters":[6,"Некрофобия"]},{"code":0,"indent":4,"parameters":[]},{"code":411,"indent":3,"parameters":[]},{"code":111,"indent":4,"parameters":[1,4,0,3,0]},{"code":313,"indent":5,"parameters":[0,6,0,71]},{"code":324,"indent":5,"parameters":[6,"Эротофобия"]},{"code":0,"indent":5,"parameters":[]},{"code":411,"indent":4,"parameters":[]},{"code":111,"indent":5,"parameters":[1,4,0,4,0]},{"code":313,"indent":6,"parameters":[0,6,0,68]},{"code":324,"indent":6,"parameters":[6,"Фазмофобия"]},{"code":0,"indent":6,"parameters":[]},{"code":411,"indent":5,"parameters":[]},{"code":111,"indent":6,"parameters":[1,4,0,5,0]},{"code":313,"indent":7,"parameters":[0,6,0,69]},{"code":324,"indent":7,"parameters":[6,"Рабдофобия"]},{"code":0,"indent":7,"parameters":[]},{"code":411,"indent":6,"parameters":[]},{"code":111,"indent":7,"parameters":[1,4,0,6,0]},{"code":313,"indent":8,"parameters":[0,6,0,70]},{"code":324,"indent":8,"parameters":[6,"Тератофобия"]},{"code":0,"indent":8,"parameters":[]},{"code":411,"indent":7,"parameters":[]},{"code":111,"indent":8,"parameters":[1,4,0,7,0]},{"code":313,"indent":9,"parameters":[0,6,0,67]},{"code":324,"indent":9,"parameters":[6,"Панофобия"]},{"code":0,"indent":9,"parameters":[]},{"code":411,"indent":8,"parameters":[]},{"code":0,"indent":9,"parameters":[]},{"code":412,"indent":8,"parameters":[]},{"code":0,"indent":8,"parameters":[]},{"code":412,"indent":7,"parameters":[]},{"code":0,"indent":7,"parameters":[]},{"code":412,"indent":6,"parameters":[]},{"code":0,"indent":6,"parameters":[]},{"code":412,"indent":5,"parameters":[]},{"code":0,"indent":5,"parameters":[]},{"code":412,"indent":4,"parameters":[]},{"code":0,"indent":4,"parameters":[]},{"code":412,"indent":3,"parameters":[]},{"code":0,"indent":3,"parameters":[]},{"code":412,"indent":2,"parameters":[]},{"code":122,"indent":2,"parameters":[4,4,0,2,1,6]},{"code":111,"indent":2,"parameters":[1,4,0,1,0]},{"code":313,"indent":3,"parameters":[0,2,0,65]},{"code":324,"indent":3,"parameters":[2,"Зоофобия"]},{"code":0,"indent":3,"parameters":[]},{"code":411,"indent":2,"parameters":[]},{"code":111,"indent":3,"parameters":[1,4,0,2,0]},{"code":313,"indent":4,"parameters":[0,2,0,66]},{"code":324,"indent":4,"parameters":[2,"Некрофобия"]},{"code":0,"indent":4,"parameters":[]},{"code":411,"indent":3,"parameters":[]},{"code":111,"indent":4,"parameters":[1,4,0,3,0]},{"code":313,"indent":5,"parameters":[0,2,0,71]},{"code":324,"indent":5,"parameters":[2,"Эротофобия"]},{"code":0,"indent":5,"parameters":[]},{"code":411,"indent":4,"parameters":[]},{"code":111,"indent":5,"parameters":[1,4,0,4,0]},{"code":313,"indent":6,"parameters":[0,2,0,68]},{"code":324,"indent":6,"parameters":[2,"Фазмофобия"]},{"code":0,"indent":6,"parameters":[]},{"code":411,"indent":5,"parameters":[]},{"code":111,"indent":6,"parameters":[1,4,0,5,0]},{"code":313,"indent":7,"parameters":[0,2,0,69]},{"code":324,"indent":7,"parameters":[2,"Рабдофобия"]},{"code":0,"indent":7,"parameters":[]},{"code":411,"indent":6,"parameters":[]},{"code":111,"indent":7,"parameters":[1,4,0,6,0]},{"code":313,"indent":8,"parameters":[0,2,0,70]},{"code":324,"indent":8,"parameters":[2,"Тератофобия"]},{"code":0,"indent":8,"parameters":[]},{"code":411,"indent":7,"parameters":[]},{"code":111,"indent":8,"parameters":[1,4,0,7,0]},{"code":313,"indent":9,"parameters":[0,2,0,67]},{"code":324,"indent":9,"parameters":[2,"Панофобия"]},{"code":0,"indent":9,"parameters":[]},{"code":411,"indent":8,"parameters":[]},{"code":0,"indent":9,"parameters":[]},{"code":412,"indent":8,"parameters":[]},{"code":0,"indent":8,"parameters":[]},{"code":412,"indent":7,"parameters":[]},{"code":0,"indent":7,"parameters":[]},{"code":412,"indent":6,"parameters":[]},{"code":0,"indent":6,"parameters":[]},{"code":412,"indent":5,"parameters":[]},{"code":0,"indent":5,"parameters":[]},{"code":412,"indent":4,"parameters":[]},{"code":0,"indent":4,"parameters":[]},{"code":412,"indent":3,"parameters":[]},{"code":0,"indent":3,"parameters":[]},{"code":412,"indent":2,"parameters":[]},{"code":201,"indent":2,"parameters":[0,74,15,22,8,0]},{"code":0,"indent":2,"parameters":[]},{"code":404,"indent":1,"parameters":[]},{"code":0,"indent":1,"parameters":[]},{"code":412,"indent":0,"parameters":[]},{"code":0,"indent":0,"parameters":[]}],"moveFrequency":3,"moveRoute":{"list":[{"code":0,"parameters":[]}],"repeat":true,"skippable":false,"wait":false},"moveSpeed":3,"moveType":0,"priorityType":0,"stepAnime":false,"through":false,"trigger":3,"walkAnime":true}],"x":7,"y":7},
{"id":2,"name":"EV002","note":"","pages":[{"conditions":{"actorId":1,"actorValid":false,"itemId":1,"itemValid":false,"selfSwitchCh":"A","selfSwitchValid":false,"switch1Id":411,"switch1Valid":true,"switch2Id":1,"switch2Valid":false,"variableId":1,"variableValid":false,"variableValue":0},"directionFix":false,"image":{"characterIndex":0,"characterName":"","direction":2,"pattern":0,"tileId":0},"list":[{"code":111,"indent":0,"parameters":[0,296,1]},{"code":111,"indent":1,"parameters":[0,213,1]},{"code":111,"indent":2,"parameters":[11,"ok"]},{"code":121,"indent":3,"parameters":[295,295,0]},{"code":235,"indent":3,"parameters":[2]},{"code":261,"indent":3,"parameters":[""]},{"code":0,"indent":3,"parameters":[]},{"code":412,"indent":2,"parameters":[]},{"code":0,"indent":2,"parameters":[]},{"code":412,"indent":1,"parameters":[]},{"code":0,"indent":1,"parameters":[]},{"code":412,"indent":0,"parameters":[]},{"code":0,"indent":0,"parameters":[]}],"moveFrequency":3,"moveRoute":{"list":[{"code":0,"parameters":[]}],"repeat":true,"skippable":false,"wait":false},"moveSpeed":3,"moveType":0,"priorityType":0,"stepAnime":false,"through":false,"trigger":4,"walkAnime":true},{"conditions":{"actorId":1,"actorValid":false,"itemId":1,"itemValid":false,"selfSwitchCh":"A","selfSwitchValid":false,"switch1Id":295,"switch1Valid":true,"switch2Id":1,"switch2Valid":false,"variableId":1,"variableValid":false,"variableValue":0},"directionFix":false,"image":{"characterIndex":0,"characterName":"","direction":2,"pattern":0,"tileId":0},"list":[{"code":0,"indent":0,"parameters":[]}],"moveFrequency":3,"moveRoute":{"list":[{"code":0,"parameters":[]}],"repeat":true,"skippable":false,"wait":false},"moveSpeed":3,"moveType":0,"priorityType":0,"stepAnime":false,"through":false,"trigger":0,"walkAnime":true}],"x":8,"y":7},
{"id":3,"name":"EV003","note":"","pages":[{"conditions":{"actorId":1,"actorValid":false,"itemId":1,"itemValid":false,"selfSwitchCh":"A","selfSwitchValid":false,"switch1Id":1,"switch1Valid":false,"switch2Id":1,"switch2Valid":false,"variableId":1,"variableValid":false,"variableValue":0},"directionFix":false,"image":{"characterIndex":0,"characterName":"","direction":2,"pattern":0,"tileId":0},"list":[{"code":121,"indent":0,"parameters":[242,242,0]},{"code":129,"indent":0,"parameters":[3,0,false]},{"code":129,"indent":0,"parameters":[1,1,false]},{"code":223,"indent":0,"parameters":[[-255,-255,-255,0],1,false]},{"code":135,"indent":0,"parameters":[0]},{"code":205,"indent":0,"parameters":[-1,{"list":[{"code":19,"indent":null},{"code":0}],"repeat":false,"skippable":false,"wait":true}]},{"code":505,"indent":0,"parameters":[{"code":19,"indent":null}]},{"code":230,"indent":0,"parameters":[60]},{"code":231,"indent":0,"parameters":[2,"disclaimer",0,0,0,0,100,100,0,0]},{"code":232,"indent":0,"parameters":[2,0,0,0,0,0,100,100,255,0,60,true]},{"code":230,"indent":0,"parameters":[260]},{"code":232,"indent":0,"parameters":[2,0,0,0,0,0,100,100,0,0,60,true]},{"code":230,"indent":0,"parameters":[60]},{"code":231,"indent":0,"parameters":[2,"disclaimer2",0,0,0,0,100,100,0,0]},{"code":232,"indent":0,"parameters":[2,0,0,0,0,0,100,100,255,0,60,true]},{"code":230,"indent":0,"parameters":[140]},{"code":232,"indent":0,"parameters":[2,0,0,0,0,0,100,100,0,0,60,true]},{"code":230,"indent":0,"parameters":[60]},{"code":230,"indent":0,"parameters":[140]},{"code":121,"indent":0,"parameters":[213,213,0]},{"code":261,"indent":0,"parameters":["intro"]},{"code":230,"indent":0,"parameters":[999]},{"code":230,"indent":0,"parameters":[999]},{"code":121,"indent":0,"parameters":[214,214,0]},{"code":0,"indent":0,"parameters":[]}],"moveFrequency":3,"moveRoute":{"list":[{"code":0,"parameters":[]}],"repeat":true,"skippable":false,"wait":false},"moveSpeed":3,"moveType":0,"priorityType":0,"stepAnime":false,"through":false,"trigger":0,"walkAnime":true},{"conditions":{"actorId":1,"actorValid":false,"itemId":1,"itemValid":false,"selfSwitchCh":"A","selfSwitchValid":false,"switch1Id":214,"switch1Valid":true,"switch2Id":1,"switch2Valid":false,"variableId":1,"variableValid":false,"variableValue":0},"directionFix":false,"image":{"characterIndex":0,"characterName":"","direction":2,"pattern":0,"tileId":0},"list":[{"code":303,"indent":0,"parameters":[1,10]},{"code":122,"indent":0,"parameters":[121,121,0,2,1,3]},{"code":122,"indent":0,"parameters":[122,122,0,2,1,2]},{"code":122,"indent":0,"parameters":[123,123,0,2,1,3]},{"code":122,"indent":0,"parameters":[124,124,0,2,1,1]},{"code":122,"indent":0,"parameters":[125,125,0,2,1,1]},{"code":122,"indent":0,"parameters":[126,126,0,2,1,2]},{"code":122,"indent":0,"parameters":[127,127,0,2,1,2]},{"code":122,"indent":0,"parameters":[128,128,0,2,1,2]},{"code":122,"indent":0,"parameters":[129,129,0,2,1,2]},{"code":122,"indent":0,"parameters":[130,130,0,2,1,1]},{"code":122,"indent":0,"parameters":[131,131,0,2,1,1]},{"code":122,"indent":0,"parameters":[132,132,0,2,1,1]},{"code":122,"indent":0,"parameters":[133,133,0,2,1,2]},{"code":122,"indent":0,"parameters":[134,134,0,2,1,2]},{"code":122,"indent":0,"parameters":[135,135,0,2,1,1]},{"code":122,"indent":0,"parameters":[136,136,0,2,1,1]},{"code":111,"indent":0,"parameters":[1,121,0,1,0]},{"code":201,"indent":1,"parameters":[0,1,27,67,0,0]},{"code":0,"indent":1,"parameters":[]},{"code":411,"indent":0,"parameters":[]},{"code":111,"indent":1,"parameters":[1,121,0,2,0]},{"code":201,"indent":2,"parameters":[0,29,26,67,8,0]},{"code":0,"indent":2,"parameters":[]},{"code":411,"indent":1,"parameters":[]},{"code":111,"indent":2,"parameters":[1,121,0,3,0]},{"code":201,"indent":3,"parameters":[0,51,25,67,8,0]},{"code":0,"indent":3,"parameters":[]},{"code":411,"indent":2,"parameters":[]},{"code":0,"indent":3,"parameters":[]},{"code":412,"indent":2,"parameters":[]},{"code":0,"indent":2,"parameters":[]},{"code":412,"indent":1,"parameters":[]},{"code":0,"indent":1,"parameters":[]},{"code":412,"indent":0,"parameters":[]},{"code":135,"indent":0,"parameters":[1]},{"code":0,"indent":0,"parameters":[]}],"moveFrequency":3,"moveRoute":{"list":[{"code":0,"parameters":[]}],"repeat":true,"skippable":false,"wait":false},"moveSpeed":3,"moveType":0,"priorityType":0,"stepAnime":false,"through":false,"trigger":3,"walkAnime":true}],"x":7,"y":9},
{"id":4,"name":"EV004","note":"","pages":[{"conditions":{"actorId":1,"actorValid":false,"itemId":1,"itemValid":false,"selfSwitchCh":"A","selfSwitchValid":false,"switch1Id":296,"switch1Valid":true,"switch2Id":1,"switch2Valid":false,"variableId":1,"variableValid":false,"variableValue":0},"directionFix":false,"image":{"characterIndex":0,"characterName":"","direction":2,"pattern":0,"tileId":0},"list":[{"code":111,"indent":0,"parameters":[11,"right"]},{"code":111,"indent":1,"parameters":[1,9,0,4,0]},{"code":122,"indent":2,"parameters":[9,9,0,0,1]},{"code":0,"indent":2,"parameters":[]},{"code":411,"indent":1,"parameters":[]},{"code":122,"indent":2,"parameters":[9,9,1,0,1]},{"code":0,"indent":2,"parameters":[]},{"code":412,"indent":1,"parameters":[]},{"code":250,"indent":1,"parameters":[{"name":"fnh_cursor","volume":75,"pitch":140,"pan":0}]},{"code":111,"indent":1,"parameters":[1,9,0,1,0]},{"code":231,"indent":2,"parameters":[2,"background_character",0,0,40,65,100,100,255,0]},{"code":231,"indent":2,"parameters":[8,"border_character",0,0,40,65,100,100,255,0]},{"code":231,"indent":2,"parameters":[7,"text_mercenary",0,0,50,445,100,100,255,0]},{"code":0,"indent":2,"parameters":[]},{"code":411,"indent":1,"parameters":[]},{"code":111,"indent":2,"parameters":[1,9,0,2,0]},{"code":231,"indent":3,"parameters":[2,"background_character",0,0,225,65,100,100,255,0]},{"code":231,"indent":3,"parameters":[8,"border_character",0,0,225,65,100,100,255,0]},{"code":231,"indent":3,"parameters":[7,"text_knight",0,0,50,445,100,100,255,0]},{"code":0,"indent":3,"parameters":[]},{"code":411,"indent":2,"parameters":[]},{"code":111,"indent":3,"parameters":[1,9,0,3,0]},{"code":231,"indent":4,"parameters":[2,"background_character",0,0,410,65,100,100,255,0]},{"code":231,"indent":4,"parameters":[8,"border_character",0,0,410,65,100,100,255,0]},{"code":231,"indent":4,"parameters":[7,"text_darkpriest",0,0,50,445,100,100,255,0]},{"code":0,"indent":4,"parameters":[]},{"code":411,"indent":3,"parameters":[]},{"code":111,"indent":4,"parameters":[1,9,0,4,0]},{"code":231,"indent":5,"parameters":[2,"background_character",0,0,595,65,100,100,255,0]},{"code":231,"indent":5,"parameters":[8,"border_character",0,0,595,65,100,100,255,0]},{"code":231,"indent":5,"parameters":[7,"text_outlander",0,0,50,445,100,100,255,0]},{"code":0,"indent":5,"parameters":[]},{"code":411,"indent":4,"parameters":[]},{"code":0,"indent":5,"parameters":[]},{"code":412,"indent":4,"parameters":[]},{"code":0,"indent":4,"parameters":[]},{"code":412,"indent":3,"parameters":[]},{"code":0,"indent":3,"parameters":[]},{"code":412,"indent":2,"parameters":[]},{"code":0,"indent":2,"parameters":[]},{"code":412,"indent":1,"parameters":[]},{"code":230,"indent":1,"parameters":[10]},{"code":0,"indent":1,"parameters":[]},{"code":411,"indent":0,"parameters":[]},{"code":0,"indent":1,"parameters":[]},{"code":412,"indent":0,"parameters":[]},{"code":111,"indent":0,"parameters":[11,"left"]},{"code":111,"indent":1,"parameters":[1,9,0,1,0]},{"code":122,"indent":2,"parameters":[9,9,0,0,4]},{"code":0,"indent":2,"parameters":[]},{"code":411,"indent":1,"parameters":[]},{"code":122,"indent":2,"parameters":[9,9,2,0,1]},{"code":0,"indent":2,"parameters":[]},{"code":412,"indent":1,"parameters":[]},{"code":250,"indent":1,"parameters":[{"name":"fnh_cursor","volume":75,"pitch":140,"pan":0}]},{"code":111,"indent":1,"parameters":[1,9,0,1,0]},{"code":231,"indent":2,"parameters":[2,"background_character",0,0,40,65,100,100,255,0]},{"code":231,"indent":2,"parameters":[8,"border_character",0,0,40,65,100,100,255,0]},{"code":231,"indent":2,"parameters":[7,"text_mercenary",0,0,50,445,100,100,255,0]},{"code":0,"indent":2,"parameters":[]},{"code":411,"indent":1,"parameters":[]},{"code":111,"indent":2,"parameters":[1,9,0,2,0]},{"code":231,"indent":3,"parameters":[2,"background_character",0,0,225,65,100,100,255,0]},{"code":231,"indent":3,"parameters":[8,"border_character",0,0,225,65,100,100,255,0]},{"code":231,"indent":3,"parameters":[7,"text_knight",0,0,50,445,100,100,255,0]},{"code":0,"indent":3,"parameters":[]},{"code":411,"indent":2,"parameters":[]},{"code":111,"indent":3,"parameters":[1,9,0,3,0]},{"code":231,"indent":4,"parameters":[2,"background_character",0,0,410,65,100,100,255,0]},{"code":231,"indent":4,"parameters":[8,"border_character",0,0,410,65,100,100,255,0]},{"code":231,"indent":4,"parameters":[7,"text_darkpriest",0,0,50,445,100,100,255,0]},{"code":0,"indent":4,"parameters":[]},{"code":411,"indent":3,"parameters":[]},{"code":111,"indent":4,"parameters":[1,9,0,4,0]},{"code":231,"indent":5,"parameters":[2,"background_character",0,0,595,65,100,100,255,0]},{"code":231,"indent":5,"parameters":[8,"border_character",0,0,595,65,100,100,255,0]},{"code":231,"indent":5,"parameters":[7,"text_outlander",0,0,50,445,100,100,255,0]},{"code":0,"indent":5,"parameters":[]},{"code":411,"indent":4,"parameters":[]},{"code":0,"indent":5,"parameters":[]},{"code":412,"indent":4,"parameters":[]},{"code":0,"indent":4,"parameters":[]},{"code":412,"indent":3,"parameters":[]},{"code":0,"indent":3,"parameters":[]},{"code":412,"indent":2,"parameters":[]},{"code":0,"indent":2,"parameters":[]},{"code":412,"indent":1,"parameters":[]},{"code":230,"indent":1,"parameters":[10]},{"code":0,"indent":1,"parameters":[]},{"code":411,"indent":0,"parameters":[]},{"code":0,"indent":1,"parameters":[]},{"code":412,"indent":0,"parameters":[]},{"code":111,"indent":0,"parameters":[11,"ok"]},{"code":250,"indent":1,"parameters":[{"name":"fnh_choice","volume":30,"pitch":90,"pan":0}]},{"code":111,"indent":1,"parameters":[1,9,0,1,0]},{"code":121,"indent":2,"parameters":[246,246,0]},{"code":121,"indent":2,"parameters":[214,214,0]},{"code":0,"indent":2,"parameters":[]},{"code":411,"indent":1,"parameters":[]},{"code":111,"indent":2,"parameters":[1,9,0,2,0]},{"code":121,"indent":3,"parameters":[242,242,0]},{"code":121,"indent":3,"parameters":[214,214,0]},{"code":0,"indent":3,"parameters":[]},{"code":411,"indent":2,"parameters":[]},{"code":111,"indent":3,"parameters":[1,9,0,3,0]},{"code":121,"indent":4,"parameters":[243,243,0]},{"code":121,"indent":4,"parameters":[214,214,0]},{"code":0,"indent":4,"parameters":[]},{"code":411,"indent":3,"parameters":[]},{"code":111,"indent":4,"parameters":[1,9,0,4,0]},{"code":121,"indent":5,"parameters":[244,244,0]},{"code":121,"indent":5,"parameters":[214,214,0]},{"code":0,"indent":5,"parameters":[]},{"code":411,"indent":4,"parameters":[]},{"code":0,"indent":5,"parameters":[]},{"code":412,"indent":4,"parameters":[]},{"code":0,"indent":4,"parameters":[]},{"code":412,"indent":3,"parameters":[]},{"code":0,"indent":3,"parameters":[]},{"code":412,"indent":2,"parameters":[]},{"code":0,"indent":2,"parameters":[]},{"code":412,"indent":1,"parameters":[]},{"code":230,"indent":1,"parameters":[10]},{"code":0,"indent":1,"parameters":[]},{"code":411,"indent":0,"parameters":[]},{"code":0,"indent":1,"parameters":[]},{"code":412,"indent":0,"parameters":[]},{"code":0,"indent":0,"parameters":[]}],"moveFrequency":3,"moveRoute":{"list":[{"code":0,"parameters":[]}],"repeat":true,"skippable":false,"wait":false},"moveSpeed":3,"moveType":0,"priorityType":0,"stepAnime":false,"through":false,"trigger":4,"walkAnime":true}],"x":6,"y":7}
]
}