{"autoplayBgm":false,"autoplayBgs":false,"battleback1Name":"","battleback2Name":"","bgm":{"name":"","pan":0,"pitch":100,"volume":90},"bgs":{"name":"","pan":0,"pitch":100,"volume":90},"disableDashing":false,"displayName":"","encounterList":[],"encounterStep":30,"height":13,"note":"","parallaxLoopX":false,"parallaxLoopY":false,"parallaxName":"","parallaxShow":true,"parallaxSx":0,"parallaxSy":0,"scrollType":0,"specifyBattleback":false,"tilesetId":1,"width":17,"data":[0,0,0,0,0,0,0,0,0,0,0,0,0,0,0,0,0,0,0,0,0,0,0,0,0,0,0,0,0,0,0,0,0,0,0,0,0,0,0,0,0,0,0,0,0,0,0,0,0,0,0,0,0,0,0,0,0,0,0,0,0,0,0,0,0,0,0,0,0,0,0,0,0,0,0,0,0,0,0,0,0,0,0,0,0,0,0,0,0,0,0,0,0,0,0,0,0,0,0,0,0,0,0,0,0,0,0,0,0,0,0,0,0,0,0,0,0,0,0,0,0,0,0,0,0,0,0,0,0,0,0,0,0,0,0,0,0,0,0,0,0,0,0,0,0,0,0,0,0,0,0,0,0,0,0,0,0,0,0,0,0,0,0,0,0,0,0,0,0,0,0,0,0,0,0,0,0,0,0,0,0,0,0,0,0,0,0,0,0,0,0,0,0,0,0,0,0,0,0,0,0,0,0,0,0,0,0,0,0,0,0,0,0,0,0,0,0,0,0,0,0,0,0,0,0,0,0,0,0,0,0,0,0,0,0,0,0,0,0,0,0,0,0,0,0,0,0,0,0,0,0,0,0,0,0,0,0,0,0,0,0,0,0,0,0,0,0,0,0,0,0,0,0,0,0,0,0,0,0,0,0,0,0,0,0,0,0,0,0,0,0,0,0,0,0,0,0,0,0,0,0,0,0,0,0,0,0,0,0,0,0,0,0,0,0,0,0,0,0,0,0,0,0,0,0,0,0,0,0,0,0,0,0,0,0,0,0,0,0,0,0,0,0,0,0,0,0,0,0,0,0,0,0,0,0,0,0,0,0,0,0,0,0,0,0,0,0,0,0,0,0,0,0,0,0,0,0,0,0,0,0,0,0,0,0,0,0,0,0,0,0,0,0,0,0,0,0,0,0,0,0,0,0,0,0,0,0,0,0,0,0,0,0,0,0,0,0,0,0,0,0,0,0,0,0,0,0,0,0,0,0,0,0,0,0,0,0,0,0,0,0,0,0,0,0,0,0,0,0,0,0,0,0,0,0,0,0,0,0,0,0,0,0,0,0,0,0,0,0,0,0,0,0,0,0,0,0,0,0,0,0,0,0,0,0,0,0,0,0,0,0,0,0,0,0,0,0,0,0,0,0,0,0,0,0,0,0,0,0,0,0,0,0,0,0,0,0,0,0,0,0,0,0,0,0,0,0,0,0,0,0,0,0,0,0,0,0,0,0,0,0,0,0,0,0,0,0,0,0,0,0,0,0,0,0,0,0,0,0,0,0,0,0,0,0,0,0,0,0,0,0,0,0,0,0,0,0,0,0,0,0,0,0,0,0,0,0,0,0,0,0,0,0,0,0,0,0,0,0,0,0,0,0,0,0,0,0,0,0,0,0,0,0,0,0,0,0,0,0,0,0,0,0,0,0,0,0,0,0,0,0,0,0,0,0,0,0,0,0,0,0,0,0,0,0,0,0,0,0,0,0,0,0,0,0,0,0,0,0,0,0,0,0,0,0,0,0,0,0,0,0,0,0,0,0,0,0,0,0,0,0,0,0,0,0,0,0,0,0,0,0,0,0,0,0,0,0,0,0,0,0,0,0,0,0,0,0,0,0,0,0,0,0,0,0,0,0,0,0,0,0,0,0,0,0,0,0,0,0,0,0,0,0,0,0,0,0,0,0,0,0,0,0,0,0,0,0,0,0,0,0,0,0,0,0,0,0,0,0,0,0,0,0,0,0,0,0,0,0,0,0,0,0,0,0,0,0,0,0,0,0,0,0,0,0,0,0,0,0,0,0,0,0,0,0,0,0,0,0,0,0,0,0,0,0,0,0,0,0,0,0,0,0,0,0,0,0,0,0,0,0,0,0,0,0,0,0,0,0,0,0,0,0,0,0,0,0,0,0,0,0,0,0,0,0,0,0,0,0,0,0,0,0,0,0,0,0,0,0,0,0,0,0,0,0,0,0,0,0,0,0,0,0,0,0,0,0,0,0,0,0,0,0,0,0,0,0,0,0,0,0,0,0,0,0,0,0,0,0,0,0,0,0,0,0,0,0,0,0,0,0,0,0,0,0,0,0,0,0,0,0,0,0,0,0,0,0,0,0,0,0,0,0,0,0,0,0,0,0,0,0,0,0,0,0,0,0,0,0,0,0,0,0,0,0,0,0,0,0,0,0,0,0,0,0,0,0,0,0,0,0,0,0,0,0,0,0,0,0,0,0,0,0,0,0,0,0,0,0,0,0,0,0,0,0,0,0,0,0,0,0,0,0,0,0,0,0,0,0,0,0,0,0,0,0,0,0,0,0,0,0,0,0,0,0,0,0,0,0,0,0,0,0,0,0,0,0,0,0,0,0,0,0,0,0,0,0,0,0,0,0,0,0,0,0,0,0,0,0,0,0,0,0,0,0,0,0,0,0,0,0,0,0,0,0,0,0,0,0,0,0,0,0,0,0,0,0,0,0,0,0,0,0,0,0,0,0,0,0,0,0,0,0,0,0,0,0,0,0,0,0,0,0,0,0,0,0,0,0,0,0,0,0,0,0,0,0,0,0,0,0,0,0,0,0,0,0,0,0,0,0,0,0,0,0,0,0,0,0,0,0,0,0,0,0,0,0,0,0,0,0,0,0,0,0,0,0,0,0,0,0,0,0,0,0,0,0,0,0,0,0,0,0,0,0,0,0,0,0,0,0,0,0,0,0,0,0,0,0,0,0,0,0,0,0,0,0,0,0,0,0,0,0,0,0,0,0,0,0,0,0,0,0,0,0,0,0,0,0,0,0,0,0,0,0,0,0,0,0,0,0,0,0,0,0,0,0,0,0,0,0,0,0,0,0,0,0,0,0,0,0,0,0,0,0,0,0,0,0,0,0,0,0,0,0,0,0,0,0,0,0,0,0,0,0,0,0,0,0,0,0,0,0,0,0,0,0,0,0,0,0,0,0,0,0,0,0,0,0,0,0,0,0,0,0,0,0,0,0,0,0,0,0,0,0,0],"events":[null,{"id":1,"name":"EV001","note":"","pages":[{"conditions":{"actorId":1,"actorValid":false,"itemId":1,"itemValid":false,"selfSwitchCh":"A","selfSwitchValid":false,"switch1Id":1,"switch1Valid":false,"switch2Id":1,"switch2Valid":false,"variableId":1,"variableValid":false,"variableValue":0},"directionFix":false,"image":{"characterIndex":0,"characterName":"","direction":2,"pattern":0,"tileId":0},"list":[{"code":230,"indent":0,"parameters":[60]},{"code":101,"indent":0,"parameters":["",0,2,2]},{"code":401,"indent":0,"parameters":["Осторожно! В игре содержатся сцены чрезмерной жестокости, "]},{"code":401,"indent":0,"parameters":["сексуального насилия и употребления наркотиков. Если вы "]},{"code":401,"indent":0,"parameters":["чувствительны к подобным темам, воздержитесь от знакомства "]},{"code":401,"indent":0,"parameters":["с этой игрой."]},{"code":102,"indent":0,"parameters":[["Продолжить","Выйти"],-1,0,2,1]},{"code":402,"indent":0,"parameters":[0,"Продолжить"]},{"code":0,"indent":1,"parameters":[]},{"code":402,"indent":0,"parameters":[1,"Выйти"]},{"code":101,"indent":1,"parameters":["",0,0,2]},{"code":401,"indent":1,"parameters":["Спасибо за внимание!"]},{"code":354,"indent":1,"parameters":[]},{"code":0,"indent":1,"parameters":[]},{"code":404,"indent":0,"parameters":[]},{"code":230,"indent":0,"parameters":[120]},{"code":356,"indent":0,"parameters":["GabText Пожалуйста, выберите персонажа."]},{"code":356,"indent":0,"parameters":["ShowGab"]},{"code":356,"indent":0,"parameters":["GabText Сперва необходимо выбрать класс."]},{"code":356,"indent":0,"parameters":["ShowGab"]},{"code":230,"indent":0,"parameters":[240]},{"code":231,"indent":0,"parameters":[5,"black1",0,0,-100,-2,80,100,255,2]},{"code":231,"indent":0,"parameters":[6,"black2",0,0,470,0,80,100,255,2]},{"code":122,"indent":0,"parameters":[13,13,0,0,1]},{"code":231,"indent":0,"parameters":[1,"mercenary",0,0,240,1,80,80,0,0]},{"code":231,"indent":0,"parameters":[2,"knight",0,0,585,1,80,80,0,0]},{"code":231,"indent":0,"parameters":[3,"darkpriest",0,0,-104,1,80,80,0,0]},{"code":232,"indent":0,"parameters":[1,0,0,0,240,1,80,80,255,0,30,false]},{"code":232,"indent":0,"parameters":[2,0,0,0,585,1,80,80,100,0,30,false]},{"code":232,"indent":0,"parameters":[3,0,0,0,-104,1,80,80,100,0,30,true]},{"code":231,"indent":0,"parameters":[1,"mercenary",0,0,240,1,80,80,255,0]},{"code":231,"indent":0,"parameters":[2,"knight",0,0,585,1,80,80,100,0]},{"code":231,"indent":0,"parameters":[3,"darkpriest",0,0,-104,1,80,80,100,0]},{"code":121,"indent":0,"parameters":[7,7,0]},{"code":0,"indent":0,"parameters":[]}],"moveFrequency":3,"moveRoute":{"list":[{"code":0,"parameters":[]}],"repeat":true,"skippable":false,"wait":false},"moveSpeed":3,"moveType":0,"priorityType":1,"stepAnime":false,"through":false,"trigger":3,"walkAnime":true},{"conditions":{"actorId":1,"actorValid":false,"itemId":1,"itemValid":false,"selfSwitchCh":"A","selfSwitchValid":false,"switch1Id":7,"switch1Valid":true,"switch2Id":1,"switch2Valid":false,"variableId":1,"variableValid":false,"variableValue":0},"directionFix":false,"image":{"characterIndex":0,"characterName":"","direction":2,"pattern":0,"tileId":0},"list":[{"code":111,"indent":0,"parameters":[0,5,0]},{"code":111,"indent":1,"parameters":[1,13,0,1,0]},{"code":250,"indent":2,"parameters":[{"name":"fnh_cursor","volume":40,"pitch":90,"pan":0}]},{"code":231,"indent":2,"parameters":[1,"mercenary",0,0,240,1,80,80,255,0]},{"code":231,"indent":2,"parameters":[2,"knight",0,0,585,1,80,80,100,0]},{"code":231,"indent":2,"parameters":[3,"darkpriest",0,0,-104,1,80,80,100,0]},{"code":231,"indent":2,"parameters":[4,"darkpriest",0,0,930,1,80,80,100,0]},{"code":232,"indent":2,"parameters":[1,0,0,0,-104,1,80,80,100,0,15,false]},{"code":232,"indent":2,"parameters":[2,0,0,0,240,1,80,80,255,0,15,false]},{"code":232,"indent":2,"parameters":[3,0,0,0,-453,1,80,80,100,0,15,false]},{"code":232,"indent":2,"parameters":[4,0,0,0,585,1,80,80,100,0,15,true]},{"code":122,"indent":2,"parameters":[13,13,0,0,2]},{"code":121,"indent":2,"parameters":[5,5,1]},{"code":205,"indent":2,"parameters":[-1,{"list":[{"code":16,"indent":null},{"code":0}],"repeat":false,"skippable":false,"wait":false}]},{"code":505,"indent":2,"parameters":[{"code":16,"indent":null}]},{"code":0,"indent":2,"parameters":[]},{"code":411,"indent":1,"parameters":[]},{"code":111,"indent":2,"parameters":[1,13,0,2,0]},{"code":250,"indent":3,"parameters":[{"name":"fnh_cursor","volume":40,"pitch":90,"pan":0}]},{"code":231,"indent":3,"parameters":[1,"mercenary",0,0,-104,1,80,80,100,0]},{"code":231,"indent":3,"parameters":[2,"knight",0,0,240,1,80,80,255,0]},{"code":231,"indent":3,"parameters":[3,"darkpriest",0,0,585,1,80,80,100,0]},{"code":231,"indent":3,"parameters":[4,"mercenary",0,0,930,1,80,80,100,0]},{"code":232,"indent":3,"parameters":[1,0,0,0,-453,1,80,80,100,0,15,false]},{"code":232,"indent":3,"parameters":[2,0,0,0,-104,1,80,80,100,0,15,false]},{"code":232,"indent":3,"parameters":[3,0,0,0,240,1,80,80,255,0,15,false]},{"code":232,"indent":3,"parameters":[4,0,0,0,585,1,80,80,100,0,15,true]},{"code":122,"indent":3,"parameters":[13,13,0,0,3]},{"code":121,"indent":3,"parameters":[5,5,1]},{"code":205,"indent":3,"parameters":[-1,{"list":[{"code":16,"indent":null},{"code":0}],"repeat":false,"skippable":false,"wait":false}]},{"code":505,"indent":3,"parameters":[{"code":16,"indent":null}]},{"code":0,"indent":3,"parameters":[]},{"code":411,"indent":2,"parameters":[]},{"code":111,"indent":3,"parameters":[1,13,0,3,0]},{"code":250,"indent":4,"parameters":[{"name":"fnh_cursor","volume":40,"pitch":90,"pan":0}]},{"code":231,"indent":4,"parameters":[1,"mercenary",0,0,585,1,80,80,100,0]},{"code":231,"indent":4,"parameters":[2,"knight",0,0,-104,1,80,80,100,0]},{"code":231,"indent":4,"parameters":[3,"darkpriest",0,0,240,1,80,80,255,0]},{"code":231,"indent":4,"parameters":[4,"knight",0,0,930,1,80,80,100,0]},{"code":232,"indent":4,"parameters":[1,0,0,0,240,1,80,80,255,0,15,false]},{"code":232,"indent":4,"parameters":[2,0,0,0,-453,1,80,80,100,0,15,false]},{"code":232,"indent":4,"parameters":[3,0,0,0,-104,1,80,80,100,0,15,false]},{"code":232,"indent":4,"parameters":[4,0,0,0,585,1,80,80,100,0,15,true]},{"code":122,"indent":4,"parameters":[13,13,0,0,1]},{"code":121,"indent":4,"parameters":[5,5,1]},{"code":205,"indent":4,"parameters":[-1,{"list":[{"code":16,"indent":null},{"code":0}],"repeat":false,"skippable":false,"wait":false}]},{"code":505,"indent":4,"parameters":[{"code":16,"indent":null}]},{"code":0,"indent":4,"parameters":[]},{"code":411,"indent":3,"parameters":[]},{"code":0,"indent":4,"parameters":[]},{"code":412,"indent":3,"parameters":[]},{"code":0,"indent":3,"parameters":[]},{"code":412,"indent":2,"parameters":[]},{"code":0,"indent":2,"parameters":[]},{"code":412,"indent":1,"parameters":[]},{"code":0,"indent":1,"parameters":[]},{"code":411,"indent":0,"parameters":[]},{"code":111,"indent":1,"parameters":[0,6,0]},{"code":111,"indent":2,"parameters":[1,13,0,1,0]},{"code":250,"indent":3,"parameters":[{"name":"fnh_cursor","volume":40,"pitch":90,"pan":0}]},{"code":231,"indent":3,"parameters":[1,"mercenary",0,0,240,1,80,80,255,0]},{"code":231,"indent":3,"parameters":[2,"knight",0,0,585,1,80,80,100,0]},{"code":231,"indent":3,"parameters":[3,"darkpriest",0,0,-104,1,80,80,100,0]},{"code":231,"indent":3,"parameters":[4,"knight",0,0,-453,1,80,80,100,0]},{"code":232,"indent":3,"parameters":[1,0,0,0,585,1,80,80,100,0,15,false]},{"code":232,"indent":3,"parameters":[2,0,0,0,930,1,80,80,100,0,15,false]},{"code":232,"indent":3,"parameters":[3,0,0,0,240,1,80,80,255,0,15,false]},{"code":232,"indent":3,"parameters":[4,0,0,0,-104,1,80,80,100,0,15,true]},{"code":122,"indent":3,"parameters":[13,13,0,0,3]},{"code":121,"indent":3,"parameters":[6,6,1]},{"code":205,"indent":3,"parameters":[-1,{"list":[{"code":16,"indent":null},{"code":0}],"repeat":false,"skippable":false,"wait":false}]},{"code":505,"indent":3,"parameters":[{"code":16,"indent":null}]},{"code":0,"indent":3,"parameters":[]},{"code":411,"indent":2,"parameters":[]},{"code":111,"indent":3,"parameters":[1,13,0,2,0]},{"code":250,"indent":4,"parameters":[{"name":"fnh_cursor","volume":40,"pitch":90,"pan":0}]},{"code":231,"indent":4,"parameters":[1,"mercenary",0,0,-104,1,80,80,100,0]},{"code":231,"indent":4,"parameters":[2,"knight",0,0,240,1,80,80,255,0]},{"code":231,"indent":4,"parameters":[3,"darkpriest",0,0,585,1,80,80,100,0]},{"code":231,"indent":4,"parameters":[4,"darkpriest",0,0,-453,1,80,80,100,0]},{"code":232,"indent":4,"parameters":[1,0,0,0,240,1,80,80,255,0,15,false]},{"code":232,"indent":4,"parameters":[2,0,0,0,585,1,80,80,100,0,15,false]},{"code":232,"indent":4,"parameters":[3,0,0,0,930,1,80,80,100,0,15,false]},{"code":232,"indent":4,"parameters":[4,0,0,0,-104,1,80,80,100,0,15,true]},{"code":122,"indent":4,"parameters":[13,13,0,0,1]},{"code":121,"indent":4,"parameters":[6,6,1]},{"code":205,"indent":4,"parameters":[-1,{"list":[{"code":16,"indent":null},{"code":0}],"repeat":false,"skippable":false,"wait":false}]},{"code":505,"indent":4,"parameters":[{"code":16,"indent":null}]},{"code":0,"indent":4,"parameters":[]},{"code":411,"indent":3,"parameters":[]},{"code":111,"indent":4,"parameters":[1,13,0,3,0]},{"code":250,"indent":5,"parameters":[{"name":"fnh_cursor","volume":40,"pitch":90,"pan":0}]},{"code":231,"indent":5,"parameters":[1,"mercenary",0,0,585,1,80,80,100,0]},{"code":231,"indent":5,"parameters":[2,"knight",0,0,-104,1,80,80,100,0]},{"code":231,"indent":5,"parameters":[3,"darkpriest",0,0,240,1,80,80,255,0]},{"code":231,"indent":5,"parameters":[4,"mercenary",0,0,-453,1,80,80,100,0]},{"code":232,"indent":5,"parameters":[1,0,0,0,930,1,80,80,100,0,15,false]},{"code":232,"indent":5,"parameters":[2,0,0,0,240,1,80,80,255,0,15,false]},{"code":232,"indent":5,"parameters":[3,0,0,0,585,1,80,80,100,0,15,false]},{"code":232,"indent":5,"parameters":[4,0,0,0,-104,1,80,80,100,0,15,true]},{"code":122,"indent":5,"parameters":[13,13,0,0,2]},{"code":121,"indent":5,"parameters":[6,6,1]},{"code":205,"indent":5,"parameters":[-1,{"list":[{"code":16,"indent":null},{"code":0}],"repeat":false,"skippable":false,"wait":false}]},{"code":505,"indent":5,"parameters":[{"code":16,"indent":null}]},{"code":0,"indent":5,"parameters":[]},{"code":411,"indent":4,"parameters":[]},{"code":0,"indent":5,"parameters":[]},{"code":412,"indent":4,"parameters":[]},{"code":0,"indent":4,"parameters":[]},{"code":412,"indent":3,"parameters":[]},{"code":0,"indent":3,"parameters":[]},{"code":412,"indent":2,"parameters":[]},{"code":0,"indent":2,"parameters":[]},{"code":411,"indent":1,"parameters":[]},{"code":0,"indent":2,"parameters":[]},{"code":412,"indent":1,"parameters":[]},{"code":0,"indent":1,"parameters":[]},{"code":412,"indent":0,"parameters":[]},{"code":0,"indent":0,"parameters":[]}],"moveFrequency":3,"moveRoute":{"list":[{"code":0,"parameters":[]}],"repeat":true,"skippable":false,"wait":false},"moveSpeed":3,"moveType":0,"priorityType":1,"stepAnime":false,"through":false,"trigger":4,"walkAnime":true},{"conditions":{"actorId":1,"actorValid":false,"itemId":1,"itemValid":false,"selfSwitchCh":"A","selfSwitchValid":false,"switch1Id":8,"switch1Valid":true,"switch2Id":1,"switch2Valid":false,"variableId":1,"variableValid":false,"variableValue":0},"directionFix":false,"image":{"characterIndex":0,"characterName":"","direction":2,"pattern":0,"tileId":0},"list":[{"code":230,"indent":0,"parameters":[20]},{"code":303,"indent":0,"parameters":[1,10]},{"code":230,"indent":0,"parameters":[20]},{"code":221,"indent":0,"parameters":[]},{"code":230,"indent":0,"parameters":[60]},{"code":356,"indent":0,"parameters":["GabText \\N[1]..."]},{"code":356,"indent":0,"parameters":["ShowGab"]},{"code":356,"indent":0,"parameters":["GabText Тебе довелось проделать долгий путь..."]},{"code":356,"indent":0,"parameters":["ShowGab"]},{"code":356,"indent":0,"parameters":["GabText В поисках бывшего товарища по оружию."]},{"code":356,"indent":0,"parameters":["ShowGab"]},{"code":356,"indent":0,"parameters":["GabText Твое путешествие привело тебя в это проклятое место."]},{"code":356,"indent":0,"parameters":["ShowGab"]},{"code":230,"indent":0,"parameters":[730]},{"code":261,"indent":0,"parameters":["intro"]},{"code":230,"indent":0,"parameters":[500]},{"code":230,"indent":0,"parameters":[700]},{"code":223,"indent":0,"parameters":[[-255,-255,-255,0],60,true]},{"code":201,"indent":0,"parameters":[0,1,27,67,8,0]},{"code":0,"indent":0,"parameters":[]}],"moveFrequency":3,"moveRoute":{"list":[{"code":0,"parameters":[]}],"repeat":true,"skippable":false,"wait":false},"moveSpeed":3,"moveType":0,"priorityType":0,"stepAnime":false,"through":false,"trigger":3,"walkAnime":true},{"conditions":{"actorId":1,"actorValid":false,"itemId":1,"itemValid":false,"selfSwitchCh":"A","selfSwitchValid":false,"switch1Id":189,"switch1Valid":true,"switch2Id":1,"switch2Valid":false,"variableId":1,"variableValid":false,"variableValue":0},"directionFix":false,"image":{"characterIndex":0,"characterName":"","direction":2,"pattern":0,"tileId":0},"list":[{"code":0,"indent":0,"parameters":[]}],"moveFrequency":3,"moveRoute":{"list":[{"code":0,"parameters":[]}],"repeat":true,"skippable":false,"wait":false},"moveSpeed":3,"moveType":0,"priorityType":0,"stepAnime":false,"through":false,"trigger":0,"walkAnime":true}],"x":6,"y":9},{"id":2,"name":"EV002","note":"","pages":[{"conditions":{"actorId":1,"actorValid":false,"itemId":1,"itemValid":false,"selfSwitchCh":"A","selfSwitchValid":false,"switch1Id":1,"switch1Valid":false,"switch2Id":1,"switch2Valid":false,"variableId":1,"variableValid":false,"variableValue":0},"directionFix":false,"image":{"characterIndex":0,"characterName":"","direction":2,"pattern":0,"tileId":0},"list":[{"code":111,"indent":0,"parameters":[1,13,0,1,0]},{"code":101,"indent":1,"parameters":["",0,2,2]},{"code":401,"indent":1,"parameters":[""]},{"code":401,"indent":1,"parameters":["Наемник - воин, который сделает все возможное, чтобы "]},{"code":401,"indent":1,"parameters":["дожить до нового рассвета. Нет такого задания, за которое "]},{"code":401,"indent":1,"parameters":["он не возьмется за мешочек серебряных монет."]},{"code":102,"indent":1,"parameters":[["Да","Нет"],1,0,2,1]},{"code":402,"indent":1,"parameters":[0,"Да"]},{"code":121,"indent":2,"parameters":[7,7,1]},{"code":121,"indent":2,"parameters":[8,8,0]},{"code":0,"indent":2,"parameters":[]},{"code":402,"indent":1,"parameters":[1,"Нет"]},{"code":0,"indent":2,"parameters":[]},{"code":404,"indent":1,"parameters":[]},{"code":0,"indent":1,"parameters":[]},{"code":411,"indent":0,"parameters":[]},{"code":111,"indent":1,"parameters":[1,13,0,2,0]},{"code":101,"indent":2,"parameters":["",0,2,2]},{"code":401,"indent":2,"parameters":[""]},{"code":401,"indent":2,"parameters":["Рыцарь - праведная и дисциплинированная воительница. "]},{"code":401,"indent":2,"parameters":["Следование этому пути требует не только умственной, но и "]},{"code":401,"indent":2,"parameters":["физической силы. Превосходна в ближнем бою."]},{"code":102,"indent":2,"parameters":[["Да","Нет"],1,0,2,1]},{"code":402,"indent":2,"parameters":[0,"Да"]},{"code":101,"indent":3,"parameters":["",0,2,2]},{"code":401,"indent":3,"parameters":[""]},{"code":401,"indent":3,"parameters":["К сожалению, в демоверсии доступен только наемник."]},{"code":0,"indent":3,"parameters":[]},{"code":402,"indent":2,"parameters":[1,"Нет"]},{"code":0,"indent":3,"parameters":[]},{"code":404,"indent":2,"parameters":[]},{"code":0,"indent":2,"parameters":[]},{"code":411,"indent":1,"parameters":[]},{"code":111,"indent":2,"parameters":[1,13,0,3,0]},{"code":101,"indent":3,"parameters":["",0,2,2]},{"code":401,"indent":3,"parameters":[""]},{"code":401,"indent":3,"parameters":["Темный жрец - заклинатель, которому алхимия и ритуальные "]},{"code":401,"indent":3,"parameters":["обряды позволили глубже познать человеческую природу. Для "]},{"code":401,"indent":3,"parameters":["него нет правильного и неправильного - только путь богов."]},{"code":102,"indent":3,"parameters":[["Да","Нет"],1,0,2,1]},{"code":402,"indent":3,"parameters":[0,"Да"]},{"code":101,"indent":4,"parameters":["",0,2,2]},{"code":401,"indent":4,"parameters":[""]},{"code":401,"indent":4,"parameters":["К сожалению, в демоверсии доступен только наемник."]},{"code":0,"indent":4,"parameters":[]},{"code":402,"indent":3,"parameters":[1,"Нет"]},{"code":0,"indent":4,"parameters":[]},{"code":404,"indent":3,"parameters":[]},{"code":0,"indent":3,"parameters":[]},{"code":411,"indent":2,"parameters":[]},{"code":0,"indent":3,"parameters":[]},{"code":412,"indent":2,"parameters":[]},{"code":0,"indent":2,"parameters":[]},{"code":412,"indent":1,"parameters":[]},{"code":0,"indent":1,"parameters":[]},{"code":412,"indent":0,"parameters":[]},{"code":0,"indent":0,"parameters":[]}],"moveFrequency":3,"moveRoute":{"list":[{"code":0,"parameters":[]}],"repeat":true,"skippable":false,"wait":false},"moveSpeed":3,"moveType":0,"priorityType":1,"stepAnime":false,"through":false,"trigger":0,"walkAnime":true},{"conditions":{"actorId":1,"actorValid":false,"itemId":1,"itemValid":false,"selfSwitchCh":"A","selfSwitchValid":false,"switch1Id":8,"switch1Valid":true,"switch2Id":1,"switch2Valid":false,"variableId":1,"variableValid":false,"variableValue":0},"directionFix":false,"image":{"characterIndex":0,"characterName":"","direction":2,"pattern":0,"tileId":0},"list":[{"code":0,"indent":0,"parameters":[]}],"moveFrequency":3,"moveRoute":{"list":[{"code":0,"parameters":[]}],"repeat":true,"skippable":false,"wait":false},"moveSpeed":3,"moveType":0,"priorityType":0,"stepAnime":false,"through":false,"trigger":0,"walkAnime":true}],"x":7,"y":9},{"id":3,"name":"EV003","note":"","pages":[{"conditions":{"actorId":1,"actorValid":false,"itemId":1,"itemValid":false,"selfSwitchCh":"A","selfSwitchValid":false,"switch1Id":1,"switch1Valid":false,"switch2Id":1,"switch2Valid":false,"variableId":1,"variableValid":false,"variableValue":0},"directionFix":false,"image":{"characterIndex":0,"characterName":"","direction":2,"pattern":0,"tileId":0},"list":[{"code":0,"indent":0,"parameters":[]}],"moveFrequency":3,"moveRoute":{"list":[{"code":0,"parameters":[]}],"repeat":true,"skippable":false,"wait":false},"moveSpeed":3,"moveType":0,"priorityType":1,"stepAnime":false,"through":false,"trigger":4,"walkAnime":true}],"x":8,"y":9},{"id":4,"name":"EV004","note":"","pages":[{"conditions":{"actorId":1,"actorValid":false,"itemId":1,"itemValid":false,"selfSwitchCh":"A","selfSwitchValid":false,"switch1Id":1,"switch1Valid":false,"switch2Id":1,"switch2Valid":false,"variableId":1,"variableValid":false,"variableValue":0},"directionFix":false,"image":{"characterIndex":0,"characterName":"","direction":2,"pattern":0,"tileId":0},"list":[{"code":0,"indent":0,"parameters":[]}],"moveFrequency":3,"moveRoute":{"list":[{"code":0,"parameters":[]}],"repeat":true,"skippable":false,"wait":false},"moveSpeed":3,"moveType":0,"priorityType":1,"stepAnime":false,"through":false,"trigger":4,"walkAnime":true}],"x":9,"y":10},{"id":5,"name":"EV005","note":"","pages":[{"conditions":{"actorId":1,"actorValid":false,"itemId":1,"itemValid":false,"selfSwitchCh":"A","selfSwitchValid":false,"switch1Id":1,"switch1Valid":false,"switch2Id":1,"switch2Valid":false,"variableId":1,"variableValid":false,"variableValue":0},"directionFix":false,"image":{"characterIndex":0,"characterName":"","direction":2,"pattern":0,"tileId":0},"list":[{"code":0,"indent":0,"parameters":[]}],"moveFrequency":3,"moveRoute":{"list":[{"code":0,"parameters":[]}],"repeat":true,"skippable":false,"wait":false},"moveSpeed":3,"moveType":0,"priorityType":1,"stepAnime":false,"through":false,"trigger":4,"walkAnime":true}],"x":8,"y":11},{"id":6,"name":"EV006","note":"","pages":[{"conditions":{"actorId":1,"actorValid":false,"itemId":1,"itemValid":false,"selfSwitchCh":"A","selfSwitchValid":false,"switch1Id":1,"switch1Valid":false,"switch2Id":1,"switch2Valid":false,"variableId":1,"variableValid":false,"variableValue":0},"directionFix":false,"image":{"characterIndex":0,"characterName":"","direction":2,"pattern":0,"tileId":0},"list":[{"code":111,"indent":0,"parameters":[1,13,0,1,0]},{"code":101,"indent":1,"parameters":["",0,2,2]},{"code":401,"indent":1,"parameters":[""]},{"code":401,"indent":1,"parameters":["Наемник - воин, который сделает все возможное, чтобы "]},{"code":401,"indent":1,"parameters":["дожить до нового рассвета. Нет такого задания, за которое "]},{"code":401,"indent":1,"parameters":["он не возьмется за мешочек серебряных монет."]},{"code":102,"indent":1,"parameters":[["Да","Нет"],1,0,2,1]},{"code":402,"indent":1,"parameters":[0,"Да"]},{"code":121,"indent":2,"parameters":[7,7,1]},{"code":121,"indent":2,"parameters":[8,8,0]},{"code":0,"indent":2,"parameters":[]},{"code":402,"indent":1,"parameters":[1,"Нет"]},{"code":0,"indent":2,"parameters":[]},{"code":404,"indent":1,"parameters":[]},{"code":0,"indent":1,"parameters":[]},{"code":411,"indent":0,"parameters":[]},{"code":111,"indent":1,"parameters":[1,13,0,2,0]},{"code":101,"indent":2,"parameters":["",0,2,2]},{"code":401,"indent":2,"parameters":[""]},{"code":401,"indent":2,"parameters":["Рыцарь - праведная и дисциплинированная воительница. "]},{"code":401,"indent":2,"parameters":["Следование этому пути требует не только умственной, но и "]},{"code":401,"indent":2,"parameters":["физической силы. Превосходна в ближнем бою."]},{"code":102,"indent":2,"parameters":[["Да","Нет"],1,0,2,1]},{"code":402,"indent":2,"parameters":[0,"Да"]},{"code":101,"indent":3,"parameters":["",0,2,2]},{"code":401,"indent":3,"parameters":[""]},{"code":401,"indent":3,"parameters":["К сожалению, в демоверсии доступен только наемник."]},{"code":0,"indent":3,"parameters":[]},{"code":402,"indent":2,"parameters":[1,"Нет"]},{"code":0,"indent":3,"parameters":[]},{"code":404,"indent":2,"parameters":[]},{"code":0,"indent":2,"parameters":[]},{"code":411,"indent":1,"parameters":[]},{"code":111,"indent":2,"parameters":[1,13,0,3,0]},{"code":101,"indent":3,"parameters":["",0,2,2]},{"code":401,"indent":3,"parameters":[""]},{"code":401,"indent":3,"parameters":["Темный жрец - заклинатель, которому алхимия и ритуальные "]},{"code":401,"indent":3,"parameters":["обряды позволили глубже познать человеческую природу. Для "]},{"code":401,"indent":3,"parameters":["него нет правильного и неправильного - только путь богов."]},{"code":102,"indent":3,"parameters":[["Да","Нет"],1,0,2,1]},{"code":402,"indent":3,"parameters":[0,"Да"]},{"code":101,"indent":4,"parameters":["",0,2,2]},{"code":401,"indent":4,"parameters":[""]},{"code":401,"indent":4,"parameters":["К сожалению, в демоверсии доступен только наемник."]},{"code":0,"indent":4,"parameters":[]},{"code":402,"indent":3,"parameters":[1,"Нет"]},{"code":0,"indent":4,"parameters":[]},{"code":404,"indent":3,"parameters":[]},{"code":0,"indent":3,"parameters":[]},{"code":411,"indent":2,"parameters":[]},{"code":0,"indent":3,"parameters":[]},{"code":412,"indent":2,"parameters":[]},{"code":0,"indent":2,"parameters":[]},{"code":412,"indent":1,"parameters":[]},{"code":0,"indent":1,"parameters":[]},{"code":412,"indent":0,"parameters":[]},{"code":0,"indent":0,"parameters":[]}],"moveFrequency":3,"moveRoute":{"list":[{"code":0,"parameters":[]}],"repeat":true,"skippable":false,"wait":false},"moveSpeed":3,"moveType":0,"priorityType":1,"stepAnime":false,"through":false,"trigger":0,"walkAnime":true},{"conditions":{"actorId":1,"actorValid":false,"itemId":1,"itemValid":false,"selfSwitchCh":"A","selfSwitchValid":false,"switch1Id":8,"switch1Valid":true,"switch2Id":1,"switch2Valid":false,"variableId":1,"variableValid":false,"variableValue":0},"directionFix":false,"image":{"characterIndex":0,"characterName":"","direction":2,"pattern":0,"tileId":0},"list":[{"code":0,"indent":0,"parameters":[]}],"moveFrequency":3,"moveRoute":{"list":[{"code":0,"parameters":[]}],"repeat":true,"skippable":false,"wait":false},"moveSpeed":3,"moveType":0,"priorityType":0,"stepAnime":false,"through":false,"trigger":0,"walkAnime":true}],"x":7,"y":11},{"id":7,"name":"EV007","note":"","pages":[{"conditions":{"actorId":1,"actorValid":false,"itemId":1,"itemValid":false,"selfSwitchCh":"A","selfSwitchValid":false,"switch1Id":1,"switch1Valid":false,"switch2Id":1,"switch2Valid":false,"variableId":1,"variableValid":false,"variableValue":0},"directionFix":false,"image":{"characterIndex":0,"characterName":"","direction":2,"pattern":0,"tileId":0},"list":[{"code":0,"indent":0,"parameters":[]}],"moveFrequency":3,"moveRoute":{"list":[{"code":0,"parameters":[]}],"repeat":true,"skippable":false,"wait":false},"moveSpeed":3,"moveType":0,"priorityType":1,"stepAnime":false,"through":false,"trigger":4,"walkAnime":true}],"x":6,"y":11},{"id":8,"name":"EV008","note":"","pages":[{"conditions":{"actorId":1,"actorValid":false,"itemId":1,"itemValid":false,"selfSwitchCh":"A","selfSwitchValid":false,"switch1Id":1,"switch1Valid":false,"switch2Id":1,"switch2Valid":false,"variableId":1,"variableValid":false,"variableValue":0},"directionFix":false,"image":{"characterIndex":0,"characterName":"","direction":2,"pattern":0,"tileId":0},"list":[{"code":0,"indent":0,"parameters":[]}],"moveFrequency":3,"moveRoute":{"list":[{"code":0,"parameters":[]}],"repeat":true,"skippable":false,"wait":false},"moveSpeed":3,"moveType":0,"priorityType":1,"stepAnime":false,"through":false,"trigger":4,"walkAnime":true}],"x":5,"y":10},{"id":9,"name":"EV009","note":"","pages":[{"conditions":{"actorId":1,"actorValid":false,"itemId":1,"itemValid":false,"selfSwitchCh":"A","selfSwitchValid":false,"switch1Id":1,"switch1Valid":false,"switch2Id":1,"switch2Valid":false,"variableId":1,"variableValid":false,"variableValue":0},"directionFix":false,"image":{"characterIndex":0,"characterName":"","direction":2,"pattern":0,"tileId":0},"list":[{"code":121,"indent":0,"parameters":[5,5,0]},{"code":0,"indent":0,"parameters":[]}],"moveFrequency":3,"moveRoute":{"list":[{"code":0,"parameters":[]}],"repeat":true,"skippable":false,"wait":false},"moveSpeed":3,"moveType":0,"priorityType":1,"stepAnime":false,"through":false,"trigger":1,"walkAnime":true},{"conditions":{"actorId":1,"actorValid":false,"itemId":1,"itemValid":false,"selfSwitchCh":"A","selfSwitchValid":false,"switch1Id":5,"switch1Valid":true,"switch2Id":1,"switch2Valid":false,"variableId":1,"variableValid":false,"variableValue":0},"directionFix":false,"image":{"characterIndex":0,"characterName":"","direction":2,"pattern":0,"tileId":0},"list":[{"code":0,"indent":0,"parameters":[]}],"moveFrequency":3,"moveRoute":{"list":[{"code":0,"parameters":[]}],"repeat":true,"skippable":false,"wait":false},"moveSpeed":3,"moveType":0,"priorityType":1,"stepAnime":false,"through":false,"trigger":0,"walkAnime":true},{"conditions":{"actorId":1,"actorValid":false,"itemId":1,"itemValid":false,"selfSwitchCh":"A","selfSwitchValid":false,"switch1Id":6,"switch1Valid":true,"switch2Id":1,"switch2Valid":false,"variableId":1,"variableValid":false,"variableValue":0},"directionFix":false,"image":{"characterIndex":0,"characterName":"","direction":2,"pattern":0,"tileId":0},"list":[{"code":0,"indent":0,"parameters":[]}],"moveFrequency":3,"moveRoute":{"list":[{"code":0,"parameters":[]}],"repeat":true,"skippable":false,"wait":false},"moveSpeed":3,"moveType":0,"priorityType":0,"stepAnime":false,"through":false,"trigger":0,"walkAnime":true}],"x":6,"y":10},{"id":10,"name":"EV010","note":"","pages":[{"conditions":{"actorId":1,"actorValid":false,"itemId":1,"itemValid":false,"selfSwitchCh":"A","selfSwitchValid":false,"switch1Id":1,"switch1Valid":false,"switch2Id":1,"switch2Valid":false,"variableId":1,"variableValid":false,"variableValue":0},"directionFix":false,"image":{"characterIndex":0,"characterName":"","direction":2,"pattern":0,"tileId":0},"list":[{"code":121,"indent":0,"parameters":[6,6,0]},{"code":0,"indent":0,"parameters":[]}],"moveFrequency":3,"moveRoute":{"list":[{"code":0,"parameters":[]}],"repeat":true,"skippable":false,"wait":false},"moveSpeed":3,"moveType":0,"priorityType":1,"stepAnime":false,"through":false,"trigger":1,"walkAnime":true},{"conditions":{"actorId":1,"actorValid":false,"itemId":1,"itemValid":false,"selfSwitchCh":"A","selfSwitchValid":false,"switch1Id":5,"switch1Valid":true,"switch2Id":1,"switch2Valid":false,"variableId":1,"variableValid":false,"variableValue":0},"directionFix":false,"image":{"characterIndex":0,"characterName":"","direction":2,"pattern":0,"tileId":0},"list":[{"code":0,"indent":0,"parameters":[]}],"moveFrequency":3,"moveRoute":{"list":[{"code":0,"parameters":[]}],"repeat":true,"skippable":false,"wait":false},"moveSpeed":3,"moveType":0,"priorityType":1,"stepAnime":false,"through":false,"trigger":0,"walkAnime":true},{"conditions":{"actorId":1,"actorValid":false,"itemId":1,"itemValid":false,"selfSwitchCh":"A","selfSwitchValid":false,"switch1Id":6,"switch1Valid":true,"switch2Id":1,"switch2Valid":false,"variableId":1,"variableValid":false,"variableValue":0},"directionFix":false,"image":{"characterIndex":0,"characterName":"","direction":2,"pattern":0,"tileId":0},"list":[{"code":0,"indent":0,"parameters":[]}],"moveFrequency":3,"moveRoute":{"list":[{"code":0,"parameters":[]}],"repeat":true,"skippable":false,"wait":false},"moveSpeed":3,"moveType":0,"priorityType":0,"stepAnime":false,"through":false,"trigger":0,"walkAnime":true}],"x":8,"y":10},null,null,null,null]}