{"autoplayBgm":true,"autoplayBgs":true,"battleback1Name":"","battleback2Name":"","bgm":{"name":"","pan":0,"pitch":100,"volume":90},"bgs":{"name":"heartbeat_68474__hanstimm__heartbeat-b_01","pan":0,"pitch":100,"volume":90},"disableDashing":false,"displayName":"","encounterList":[],"encounterStep":30,"height":14,"note":"<Save Event Locations>\n<fog effect>\n        id: 1\n        name: '$Fog1'\n        opacity: 20\n        zoom: 100%\n        pan x: -5\n        blend: 1\n       </fog effect>\n<fog effect>\n        id: 2\n        name: '$Fog1'\n        opacity: 20\n        zoom: 150%\n        pan x: -5\n        blend: 1\n       </fog effect>\n<fog effect>\n        id: 3\n        name: '$Fog1'\n        opacity: 20\n        zoom: 130%\n        pan x: -5\n        blend: 1\n       </fog effect>","parallaxLoopX":false,"parallaxLoopY":false,"parallaxName":"","parallaxShow":true,"parallaxSx":0,"parallaxSy":0,"scrollType":0,"specifyBattleback":false,"tilesetId":44,"width":17,"data":[0,0,0,0,0,0,0,0,0,0,0,0,0,0,0,0,0,0,0,0,0,0,0,0,0,0,0,0,0,0,0,0,0,0,0,0,0,0,0,0,0,0,0,0,0,0,0,0,0,0,0,0,0,0,0,0,0,0,0,0,0,0,0,0,0,0,0,0,0,0,0,0,0,0,0,0,0,0,0,0,0,0,0,0,0,0,0,0,0,0,0,0,0,0,0,0,0,0,0,0,0,0,0,0,0,0,0,0,0,0,0,0,0,0,0,0,0,0,0,0,0,0,0,0,0,0,0,0,0,0,0,0,0,0,0,0,0,0,0,0,0,0,0,0,0,0,0,0,0,0,0,0,0,0,0,0,0,0,0,0,0,0,0,0,0,0,0,0,0,0,0,0,0,0,0,0,0,0,0,0,0,0,0,0,0,0,0,0,0,0,0,0,0,0,0,0,0,0,0,0,0,0,0,0,0,0,0,0,0,0,0,0,0,0,0,0,0,0,0,0,0,0,0,0,0,0,0,0,0,0,0,0,0,0,0,0,0,0,0,0,0,0,0,0,0,0,0,0,0,0,0,0,0,0,0,0,0,0,0,0,0,0,0,0,0,0,0,0,0,0,0,0,0,0,0,0,0,0,0,0,0,0,0,0,0,0,0,0,0,0,0,0,0,0,0,0,0,0,0,0,0,0,0,0,0,0,0,0,0,0,0,0,0,0,0,0,0,0,0,0,0,0,0,0,0,0,0,0,0,0,0,0,0,0,0,0,0,0,0,0,0,0,0,0,0,0,0,0,0,0,0,0,0,0,0,0,0,0,0,0,0,0,0,0,0,0,0,0,0,0,0,0,0,0,0,0,0,0,0,0,0,0,0,0,0,0,0,0,0,0,0,0,0,0,0,0,0,0,0,0,0,0,0,0,0,0,0,0,0,0,0,0,0,0,0,0,0,0,0,0,0,0,0,0,0,0,0,0,0,0,0,0,0,0,0,0,0,0,0,0,0,0,0,0,0,0,0,0,0,0,0,0,0,0,0,0,0,0,0,0,0,0,0,0,0,0,0,0,0,0,0,0,0,0,0,0,0,0,0,0,0,0,0,0,0,0,0,0,0,0,0,0,0,0,0,0,0,0,0,0,0,0,0,0,0,0,0,0,0,0,0,0,0,0,0,0,0,0,0,0,0,0,0,0,0,0,0,0,0,0,0,0,0,0,0,0,0,0,0,0,0,0,0,0,0,0,0,0,0,0,0,0,0,0,0,0,0,0,0,0,0,0,0,0,0,0,0,0,0,0,0,0,0,0,0,0,0,0,0,0,0,0,0,0,0,0,0,0,0,0,0,0,0,0,0,0,0,0,0,0,0,0,0,0,0,0,0,0,0,0,0,0,0,0,0,0,0,0,0,0,0,0,0,0,0,0,0,0,0,0,0,0,0,0,0,0,0,0,0,0,0,0,0,0,0,0,0,0,0,0,0,0,0,0,0,0,0,0,0,0,0,0,0,0,0,0,0,0,0,0,0,0,0,0,0,0,0,0,0,0,0,0,0,0,0,0,0,0,0,0,0,0,0,0,0,0,0,0,0,0,0,0,0,0,0,0,0,0,0,0,0,0,0,0,251,251,251,251,251,251,251,251,251,251,251,251,251,251,251,251,251,251,251,251,251,251,251,251,251,251,251,251,251,251,251,251,251,251,251,251,251,251,251,251,251,251,251,251,251,251,251,251,251,251,251,251,251,251,251,251,251,251,251,251,251,251,251,251,251,251,251,251,251,251,251,251,251,251,251,251,251,251,251,251,251,251,251,251,251,251,251,251,251,251,251,251,251,251,251,251,251,251,251,251,251,251,251,251,251,251,251,251,251,251,251,251,251,251,251,251,251,251,251,251,251,251,251,251,251,251,251,251,251,251,251,251,251,251,251,251,251,251,251,251,251,251,251,251,251,251,251,251,251,251,251,251,251,251,251,251,251,251,251,251,251,251,251,251,251,251,251,251,251,251,251,251,251,251,251,251,251,251,251,251,251,251,251,251,251,251,251,251,251,251,251,251,251,251,251,251,251,251,251,251,251,251,251,251,251,251,251,251,251,251,251,251,251,251,251,251,251,251,251,251,251,251,251,251,251,251,251,251,251,251,251,251,251,251,251,251,251,251,0,0,0,0,0,0,0,0,0,0,0,0,0,0,0,0,0,0,0,0,0,0,0,0,0,0,0,0,0,0,0,0,0,0,0,0,0,0,0,0,0,0,0,0,0,0,0,0,0,0,0,0,0,0,0,0,0,0,0,0,0,0,0,0,0,0,0,0,0,0,0,0,0,0,0,0,0,0,0,0,0,0,0,0,0,0,0,0,0,0,0,0,0,0,0,0,0,0,0,0,0,0,0,0,0,0,0,0,0,0,0,0,0,0,0,0,0,0,0,0,0,0,0,0,0,0,0,0,0,0,0,0,0,0,0,0,0,0,0,0,0,0,0,0,0,0,0,0,0,0,0,0,0,0,0,0,0,0,0,0,0,0,0,0,0,0,0,0,0,0,0,0,0,0,0,0,0,0,0,0,0,0,0,0,0,0,0,0,0,0,0,0,0,0,0,0,0,0,0,0,0,0,0,0,0,0,0,0,0,0,0,0,0,0,0,0,0,0,0,0,0,0,0,0,0,0,0,0,0,0,0,0,0,0,0,0,0,0,0,0,0,0,0,0,0,0,0,0,0,0,0,0,0,0,0,0,0,0,0,0,0,0,0,0,0,0,0,0,0,0,0,0,0,0,0,0,0,0,0,0,0,0,0,0,0,0,0,0,0,0,0,0,0,0,0,0,0,0,0,0,0,0,0,0,0,0,0,0,0,0,0,0,0,0,0,0,0,0,0,0,0,0,0,0,0,0,0,0,0,0,0,0,0,0,0,0,0,0,0,0,0,0,0,0,0,0,0,0,0,0,0,0,0,0,0,0,0,0,0,0,0,0,0,0,0,0,0,0,0,0,0,0,0,0,0,0,0,0,0,0,0,0,0,0,0,0,0,0,0,0,0,0,0,0,0,0,0,0,0,0,0,0,0,0,0,0,0,0,0,0,0,0,0,0,0,0,0,0,0,0,0,0,0,0,0,0,0,0,0,0,0,0,0,0,0,0,0,0,0,0,0,0,0,0,0,0,0,0,0,0,0,0,0,0,0,0,0,0,0,0,0,0,0,0,0,0,0,0,0,0,0,0,0,0,0,0],"events":[null,{"id":1,"name":"nilvan","note":"","pages":[{"conditions":{"actorId":1,"actorValid":false,"itemId":1,"itemValid":false,"selfSwitchCh":"A","selfSwitchValid":false,"switch1Id":1,"switch1Valid":false,"switch2Id":1,"switch2Valid":false,"variableId":1,"variableValid":false,"variableValue":0},"directionFix":true,"image":{"tileId":0,"characterName":"","direction":2,"pattern":1,"characterIndex":2},"list":[{"code":0,"indent":0,"parameters":[]}],"moveFrequency":1,"moveRoute":{"list":[{"code":0,"parameters":[]}],"repeat":true,"skippable":false,"wait":false},"moveSpeed":1,"moveType":0,"priorityType":0,"stepAnime":true,"through":false,"trigger":0,"walkAnime":true},{"conditions":{"actorId":1,"actorValid":false,"itemId":1,"itemValid":false,"selfSwitchCh":"A","selfSwitchValid":false,"switch1Id":1804,"switch1Valid":true,"switch2Id":1,"switch2Valid":false,"variableId":1,"variableValid":false,"variableValue":0},"directionFix":true,"image":{"tileId":0,"characterName":"$new_gods2","direction":6,"pattern":1,"characterIndex":0},"list":[{"code":0,"indent":0,"parameters":[]}],"moveFrequency":1,"moveRoute":{"list":[{"code":0,"parameters":[]}],"repeat":true,"skippable":false,"wait":false},"moveSpeed":1,"moveType":0,"priorityType":1,"stepAnime":true,"through":false,"trigger":0,"walkAnime":true}],"x":8,"y":6},{"id":2,"name":"EV002","note":"","pages":[{"conditions":{"actorId":1,"actorValid":false,"itemId":1,"itemValid":false,"selfSwitchCh":"A","selfSwitchValid":false,"switch1Id":1,"switch1Valid":false,"switch2Id":1,"switch2Valid":false,"variableId":1,"variableValid":false,"variableValue":0},"directionFix":false,"image":{"characterIndex":0,"characterName":"","direction":2,"pattern":0,"tileId":0},"list":[{"code":121,"indent":0,"parameters":[1987,1987,0]},{"code":121,"indent":0,"parameters":[1990,1990,0]},{"code":0,"indent":0,"parameters":[]}],"moveFrequency":3,"moveRoute":{"list":[{"code":0,"parameters":[]}],"repeat":true,"skippable":false,"wait":false},"moveSpeed":3,"moveType":0,"priorityType":0,"stepAnime":false,"through":false,"trigger":4,"walkAnime":true}],"x":0,"y":0},{"id":3,"name":"EV003","note":"","pages":[{"conditions":{"actorId":1,"actorValid":false,"itemId":1,"itemValid":false,"selfSwitchCh":"A","selfSwitchValid":false,"switch1Id":1,"switch1Valid":false,"switch2Id":1,"switch2Valid":false,"variableId":1,"variableValid":false,"variableValue":0},"directionFix":false,"image":{"characterIndex":0,"characterName":"","direction":2,"pattern":0,"tileId":0},"list":[{"code":121,"indent":0,"parameters":[410,410,0]},{"code":121,"indent":0,"parameters":[202,202,0]},{"code":211,"indent":0,"parameters":[1]},{"code":223,"indent":0,"parameters":[[0,0,0,0],60,true]},{"code":230,"indent":0,"parameters":[120]},{"code":205,"indent":0,"parameters":[1,{"list":[{"code":42,"parameters":[0],"indent":null},{"code":0}],"repeat":false,"skippable":false,"wait":true}]},{"code":505,"indent":0,"parameters":[{"code":42,"parameters":[0],"indent":null}]},{"code":121,"indent":0,"parameters":[1804,1804,0]},{"code":205,"indent":0,"parameters":[1,{"list":[{"code":42,"parameters":[50],"indent":null},{"code":15,"parameters":[10],"indent":null},{"code":42,"parameters":[100],"indent":null},{"code":15,"parameters":[10],"indent":null},{"code":42,"parameters":[150],"indent":null},{"code":15,"parameters":[10],"indent":null},{"code":42,"parameters":[200],"indent":null},{"code":15,"parameters":[10],"indent":null},{"code":42,"parameters":[255],"indent":null},{"code":0}],"repeat":false,"skippable":false,"wait":true}]},{"code":505,"indent":0,"parameters":[{"code":42,"parameters":[50],"indent":null}]},{"code":505,"indent":0,"parameters":[{"code":15,"parameters":[10],"indent":null}]},{"code":505,"indent":0,"parameters":[{"code":42,"parameters":[100],"indent":null}]},{"code":505,"indent":0,"parameters":[{"code":15,"parameters":[10],"indent":null}]},{"code":505,"indent":0,"parameters":[{"code":42,"parameters":[150],"indent":null}]},{"code":505,"indent":0,"parameters":[{"code":15,"parameters":[10],"indent":null}]},{"code":505,"indent":0,"parameters":[{"code":42,"parameters":[200],"indent":null}]},{"code":505,"indent":0,"parameters":[{"code":15,"parameters":[10],"indent":null}]},{"code":505,"indent":0,"parameters":[{"code":42,"parameters":[255],"indent":null}]},{"code":101,"indent":0,"parameters":["",0,0,2]},{"code":401,"indent":0,"parameters":["Перед тобой предстает новое божество с обнаженной грудью..."]},{"code":111,"indent":0,"parameters":[4,2,0]},{"code":101,"indent":1,"parameters":["",0,0,2]},{"code":401,"indent":1,"parameters":["Богиня бросает на девочку короткий взгляд."]},{"code":0,"indent":1,"parameters":[]},{"code":412,"indent":0,"parameters":[]},{"code":101,"indent":0,"parameters":["",0,0,2]},{"code":401,"indent":0,"parameters":["\\c[7]Нильван\\c[0]"]},{"code":401,"indent":0,"parameters":["\"О, новая...\""]},{"code":111,"indent":0,"parameters":[4,2,0]},{"code":101,"indent":1,"parameters":["",0,0,2]},{"code":401,"indent":1,"parameters":["Девочка сильно взволнована такой встречей. "]},{"code":0,"indent":1,"parameters":[]},{"code":412,"indent":0,"parameters":[]},{"code":101,"indent":0,"parameters":["",0,0,2]},{"code":401,"indent":0,"parameters":["\\c[7]Нильван\\c[0]"]},{"code":401,"indent":0,"parameters":["\"Я вынуждена просить тебя об услуге\"."]},{"code":101,"indent":0,"parameters":["",0,0,2]},{"code":401,"indent":0,"parameters":["\\c[7]Нильван\\c[0]"]},{"code":401,"indent":0,"parameters":["\"Наше время пришло. Эта форма существования - не тот ответ, "]},{"code":401,"indent":0,"parameters":["что мы искали\"."]},{"code":101,"indent":0,"parameters":["",0,0,2]},{"code":401,"indent":0,"parameters":["\\c[7]Нильван\\c[0]"]},{"code":401,"indent":0,"parameters":["\"Дабы освободить человечество, нам требуется нечто большее\"."]},{"code":101,"indent":0,"parameters":["",0,0,2]},{"code":401,"indent":0,"parameters":["\\c[7]Нильван\\c[0]"]},{"code":401,"indent":0,"parameters":["\"Нам нужен кто-то равный им, старым богам\"."]},{"code":230,"indent":0,"parameters":[80]},{"code":101,"indent":0,"parameters":["",0,0,2]},{"code":401,"indent":0,"parameters":["Нилван поглаживает свой слегка округлый живот..."]},{"code":230,"indent":0,"parameters":[80]},{"code":101,"indent":0,"parameters":["",0,0,2]},{"code":401,"indent":0,"parameters":["\\c[7]Нильван\\c[0]"]},{"code":401,"indent":0,"parameters":["\"Прошу, пожалуйста, просто выведи мое дитя отсюда\"."]},{"code":101,"indent":0,"parameters":["",0,0,2]},{"code":401,"indent":0,"parameters":["\\c[7]Нильван\\c[0]"]},{"code":401,"indent":0,"parameters":["\"Сопроводи ее к сердцу тьмы\"."]},{"code":230,"indent":0,"parameters":[80]},{"code":101,"indent":0,"parameters":["",0,0,2]},{"code":401,"indent":0,"parameters":["\\c[7]Нильван\\c[0]"]},{"code":401,"indent":0,"parameters":["\"Я с радостью дарую тебе свою душу, если ты примешь это "]},{"code":401,"indent":0,"parameters":["условие...\""]},{"code":102,"indent":0,"parameters":[["Согласиться","Отказать"],-1,0,2,0]},{"code":402,"indent":0,"parameters":[0,"Согласиться"]},{"code":101,"indent":1,"parameters":["",0,0,2]},{"code":401,"indent":1,"parameters":["\\c[7]Нильван\\c[0]"]},{"code":401,"indent":1,"parameters":["\"Благодарю\"."]},{"code":111,"indent":1,"parameters":[4,2,0]},{"code":101,"indent":2,"parameters":["",0,0,2]},{"code":401,"indent":2,"parameters":["Нильван бросает на девочку последний взгляд."]},{"code":101,"indent":2,"parameters":["",0,0,2]},{"code":401,"indent":2,"parameters":["Девочка прячется за тебя."]},{"code":0,"indent":2,"parameters":[]},{"code":412,"indent":1,"parameters":[]},{"code":230,"indent":1,"parameters":[60]},{"code":205,"indent":1,"parameters":[1,{"list":[{"code":42,"parameters":[200],"indent":null},{"code":15,"parameters":[10],"indent":null},{"code":42,"parameters":[150],"indent":null},{"code":15,"parameters":[10],"indent":null},{"code":42,"parameters":[100],"indent":null},{"code":15,"parameters":[10],"indent":null},{"code":42,"parameters":[50],"indent":null},{"code":15,"parameters":[10],"indent":null},{"code":28,"parameters":[1804],"indent":null},{"code":0}],"repeat":false,"skippable":false,"wait":true}]},{"code":505,"indent":1,"parameters":[{"code":42,"parameters":[200],"indent":null}]},{"code":505,"indent":1,"parameters":[{"code":15,"parameters":[10],"indent":null}]},{"code":505,"indent":1,"parameters":[{"code":42,"parameters":[150],"indent":null}]},{"code":505,"indent":1,"parameters":[{"code":15,"parameters":[10],"indent":null}]},{"code":505,"indent":1,"parameters":[{"code":42,"parameters":[100],"indent":null}]},{"code":505,"indent":1,"parameters":[{"code":15,"parameters":[10],"indent":null}]},{"code":505,"indent":1,"parameters":[{"code":42,"parameters":[50],"indent":null}]},{"code":505,"indent":1,"parameters":[{"code":15,"parameters":[10],"indent":null}]},{"code":505,"indent":1,"parameters":[{"code":28,"parameters":[1804],"indent":null}]},{"code":101,"indent":1,"parameters":["",0,0,2]},{"code":401,"indent":1,"parameters":["Ты получаешь \\c[2]Бесконечную душу\\c[0]."]},{"code":126,"indent":1,"parameters":[126,0,0,1]},{"code":121,"indent":1,"parameters":[1182,1182,0]},{"code":0,"indent":1,"parameters":[]},{"code":402,"indent":0,"parameters":[1,"Отказать"]},{"code":101,"indent":1,"parameters":["",0,0,2]},{"code":401,"indent":1,"parameters":["\\c[7]Нильван\\c[0]"]},{"code":401,"indent":1,"parameters":["\"...\""]},{"code":101,"indent":1,"parameters":["",0,0,2]},{"code":401,"indent":1,"parameters":["Нильван недовольна твоим решением."]},{"code":0,"indent":1,"parameters":[]},{"code":404,"indent":0,"parameters":[]},{"code":230,"indent":0,"parameters":[120]},{"code":250,"indent":0,"parameters":[{"name":"alll-mer_bell_87020__zgump__bell-0105_01","volume":60,"pitch":100,"pan":0}]},{"code":224,"indent":0,"parameters":[[255,255,255,255],120,false]},{"code":223,"indent":0,"parameters":[[-255,-255,-255,0],30,true]},{"code":201,"indent":0,"parameters":[0,120,38,28,2,0]},{"code":223,"indent":0,"parameters":[[0,0,0,0],120,false]},{"code":230,"indent":0,"parameters":[60]},{"code":101,"indent":0,"parameters":["",0,0,2]},{"code":401,"indent":0,"parameters":["Ты пробуждаешься ото сна."]},{"code":121,"indent":0,"parameters":[1805,1805,0]},{"code":121,"indent":0,"parameters":[410,410,1]},{"code":121,"indent":0,"parameters":[202,202,1]},{"code":0,"indent":0,"parameters":[]}],"moveFrequency":3,"moveRoute":{"list":[{"code":0,"parameters":[]}],"repeat":true,"skippable":false,"wait":false},"moveSpeed":3,"moveType":0,"priorityType":0,"stepAnime":false,"through":false,"trigger":3,"walkAnime":true}],"x":14,"y":9},{"id":4,"name":"EV004","note":"","pages":[{"conditions":{"actorId":1,"actorValid":false,"itemId":1,"itemValid":false,"selfSwitchCh":"A","selfSwitchValid":false,"switch1Id":3520,"switch1Valid":true,"switch2Id":1,"switch2Valid":false,"variableId":1,"variableValid":false,"variableValue":0},"directionFix":false,"image":{"characterIndex":0,"characterName":"","direction":2,"pattern":0,"tileId":0},"list":[{"code":356,"indent":0,"parameters":["createFilter ZOOM zoomblur 2 screen"]},{"code":356,"indent":0,"parameters":["setFilter ZOOM 425 320 390 0.3"]},{"code":356,"indent":0,"parameters":["createFilter ZOOM3 zoomblur 2 screen"]},{"code":356,"indent":0,"parameters":["setFilter ZOOM3 425 320 330 0.04"]},{"code":356,"indent":0,"parameters":["createFilter OUTLINE rgbsplit 2 screen"]},{"code":356,"indent":0,"parameters":["setFilter OUTLINE 0.7 0.7"]},{"code":356,"indent":0,"parameters":["createFilter GOD godray-np 2 screen"]},{"code":356,"indent":0,"parameters":["setFilter GOD 450 -300 0.8 2 0.2"]},{"code":0,"indent":0,"parameters":[]}],"moveFrequency":3,"moveRoute":{"list":[{"code":0,"parameters":[]}],"repeat":true,"skippable":false,"wait":false},"moveSpeed":3,"moveType":0,"priorityType":0,"stepAnime":false,"through":false,"trigger":4,"walkAnime":true}],"x":1,"y":0}]}